allocation_id,donation_id,safehouse_id,program_area,amount_allocated,allocation_date,allocation_notes
1,1,2,Education,717.18,2025-12-31,
2,2,4,Transport,35.15,2025-12-02,
3,3,8,Wellbeing,1074.65,2024-12-02,
4,4,9,Operations,799.86,2023-09-11,
5,5,8,Operations,1177.41,2023-11-08,
6,6,7,Transport,678.86,2025-09-18,
7,7,3,Wellbeing,18.77,2024-12-14,
8,7,5,Operations,18.77,2024-12-14,
9,8,4,Wellbeing,600.64,2024-11-21,
10,9,6,Outreach,911.84,2023-09-25,
11,10,3,Maintenance,1677.73,2023-04-16,
12,11,3,Education,11.39,2023-02-10,
13,12,4,Education,1773.19,2024-11-20,
14,13,1,Wellbeing,433.32,2025-08-30,
15,14,4,Transport,1541.75,2025-10-07,
16,15,3,Education,150.0,2023-07-02,
17,15,8,Operations,150.0,2023-07-02,
18,16,7,Transport,4026.84,2024-10-25,
19,17,9,Transport,2.79,2023-08-11,
20,18,3,Maintenance,17.79,2026-01-06,
21,19,3,Operations,171.48,2026-03-01,
22,19,8,Outreach,171.48,2026-03-01,
23,20,2,Wellbeing,962.42,2023-08-31,
24,21,5,Operations,1345.15,2024-01-13,
25,22,4,Education,1109.83,2025-11-13,
26,23,9,Education,13.94,2024-02-06,
27,24,5,Education,3.05,2023-04-27,
28,25,9,Education,1167.71,2024-11-04,
29,26,2,Operations,541.93,2025-09-28,
30,26,4,Transport,541.93,2025-09-28,
31,27,9,Operations,537.5,2023-10-19,
32,28,8,Operations,5.63,2025-06-15,
33,28,8,Education,5.63,2025-06-15,
34,29,4,Wellbeing,1014.15,2023-12-26,
35,30,5,Transport,439.51,2023-03-15,
36,31,6,Operations,32.95,2025-01-24,
37,32,4,Education,12.59,2024-01-18,
38,33,5,Outreach,1432.02,2025-01-12,
39,34,4,Education,938.45,2025-12-28,
40,35,6,Wellbeing,826.28,2023-03-15,
41,36,9,Outreach,498.09,2023-11-06,
42,37,4,Transport,1104.16,2023-07-25,
43,38,4,Education,568.91,2025-07-15,
44,39,6,Education,437.14,2025-04-28,
45,40,5,Operations,2.6,2023-02-02,
46,41,5,Transport,31.14,2025-03-26,
47,42,5,Operations,5.93,2023-03-22,
48,42,4,Education,5.93,2023-03-22,
49,43,9,Education,195.0,2025-11-03,
50,44,2,Outreach,313.53,2023-09-13,
51,45,2,Transport,4.08,2025-11-12,
52,45,9,Wellbeing,2.65,2025-11-12,
53,46,8,Transport,1011.03,2023-12-20,
54,46,1,Operations,1011.03,2023-12-20,
55,47,2,Wellbeing,857.65,2024-10-25,
56,48,1,Outreach,300.0,2023-11-10,
57,49,8,Wellbeing,355.62,2025-11-23,
58,49,1,Operations,355.62,2025-11-23,
59,50,1,Wellbeing,436.4,2023-08-12,
60,51,3,Transport,168.29,2024-10-18,
61,51,5,Operations,168.29,2024-10-18,
62,52,7,Transport,19.07,2023-02-24,
63,53,9,Transport,3.4,2023-11-03,
64,54,3,Operations,675.66,2024-09-15,
65,55,6,Operations,2.66,2023-03-13,
66,56,9,Operations,923.53,2024-03-27,
67,57,4,Wellbeing,1226.51,2023-12-27,
68,58,5,Wellbeing,1149.13,2024-10-18,
69,59,4,Transport,12.58,2024-12-29,
70,60,3,Wellbeing,658.36,2024-10-22,
71,61,6,Education,684.92,2025-10-24,
72,61,2,Outreach,684.92,2025-10-24,
73,62,1,Wellbeing,1392.1,2024-01-08,
74,63,9,Transport,594.72,2026-02-27,
75,64,3,Transport,892.83,2025-10-05,
76,65,2,Wellbeing,630.81,2024-05-16,
77,66,1,Education,1623.68,2024-10-11,
78,67,6,Outreach,20.42,2024-08-31,
79,68,3,Wellbeing,300.0,2024-03-04,
80,69,2,Outreach,396.32,2025-10-28,
81,70,4,Wellbeing,444.97,2023-09-12,
82,71,8,Wellbeing,4.54,2023-06-25,
83,71,5,Maintenance,4.54,2023-06-25,
84,72,9,Wellbeing,329.02,2023-01-17,
85,73,8,Education,1967.06,2025-12-08,
86,74,4,Outreach,300.0,2023-04-09,
87,75,8,Operations,10.09,2023-05-10,
88,76,3,Maintenance,9.57,2023-12-07,
89,76,6,Wellbeing,9.57,2023-12-07,
90,77,3,Wellbeing,395.95,2025-02-03,
91,78,1,Education,21.67,2023-06-19,
92,79,5,Outreach,4.65,2024-01-17,
93,80,6,Operations,1997.7,2025-07-18,
94,81,3,Education,295.79,2024-09-19,
95,82,5,Transport,250.0,2025-05-11,
96,83,8,Wellbeing,489.6,2024-01-17,
97,84,3,Education,527.51,2025-09-13,
98,85,6,Operations,502.9,2023-06-02,
99,86,3,Operations,2160.9,2024-08-07,
100,87,3,Maintenance,423.77,2024-06-07,
101,88,3,Outreach,577.02,2024-08-20,
102,89,4,Operations,1461.45,2025-04-07,
103,90,6,Maintenance,235.31,2024-10-12,
104,90,2,Wellbeing,235.31,2024-10-12,
105,91,1,Transport,464.59,2024-04-26,
106,92,1,Education,285.45,2025-10-16,
107,93,7,Maintenance,767.63,2024-05-04,
108,94,8,Operations,413.82,2025-03-06,
109,95,9,Wellbeing,2073.31,2025-08-12,
110,96,8,Education,2439.57,2025-03-03,
111,97,9,Operations,250.97,2023-03-18,
112,98,5,Operations,5.92,2023-02-02,
113,99,1,Transport,583.6,2023-07-08,
114,99,1,Operations,583.6,2023-07-08,
115,100,2,Education,1036.3,2023-05-11,
116,101,9,Education,162.5,2023-08-14,
117,102,9,Maintenance,382.17,2024-07-21,
118,103,8,Outreach,447.5,2025-11-09,
119,104,5,Education,245.24,2025-11-23,
120,104,8,Wellbeing,245.24,2025-11-23,
121,105,4,Wellbeing,787.53,2025-04-22,
122,106,1,Operations,1534.69,2025-03-15,
123,107,3,Wellbeing,30.16,2024-11-21,
124,108,2,Wellbeing,732.46,2025-05-07,
125,109,3,Outreach,329.79,2024-10-09,
126,110,3,Education,675.17,2023-03-23,
127,110,9,Operations,438.86,2023-03-23,
128,111,2,Wellbeing,18.82,2023-11-02,
129,112,3,Wellbeing,999.49,2024-04-13,
130,113,2,Operations,3.02,2023-12-03,
131,113,2,Education,3.02,2023-12-03,
132,114,4,Outreach,486.04,2023-12-28,
133,115,1,Wellbeing,1788.92,2023-06-03,
134,116,8,Maintenance,622.51,2024-11-10,
135,117,2,Maintenance,11.04,2024-10-26,
136,117,4,Wellbeing,11.04,2024-10-26,
137,118,8,Transport,11.45,2023-12-08,
138,119,2,Education,1510.08,2025-07-17,
139,120,6,Education,12.17,2023-09-25,
140,120,1,Operations,12.17,2023-09-25,
141,121,7,Maintenance,1244.53,2025-07-04,
142,122,5,Transport,516.02,2023-12-10,
143,122,1,Operations,516.02,2023-12-10,
144,123,6,Operations,878.72,2023-05-21,
145,123,9,Transport,571.17,2023-05-21,
146,124,7,Operations,240.08,2024-02-15,
147,124,2,Operations,240.08,2024-02-15,
148,125,4,Education,9.94,2023-03-04,
149,126,4,Operations,329.29,2024-11-28,
150,126,4,Transport,329.29,2024-11-28,
151,127,7,Operations,460.56,2023-08-22,
152,128,4,Operations,7.43,2024-11-09,
153,129,3,Maintenance,421.11,2023-11-11,
154,130,6,Operations,971.69,2025-03-04,
155,131,9,Education,388.66,2024-07-09,
156,131,8,Wellbeing,597.95,2024-07-09,
157,132,8,Maintenance,9.38,2025-10-14,
158,132,9,Operations,6.1,2025-10-14,
159,133,7,Education,504.86,2025-10-02,
160,134,4,Education,416.51,2024-05-22,
161,135,2,Outreach,616.42,2023-01-09,
162,136,6,Operations,695.12,2024-09-15,
163,137,6,Wellbeing,2.62,2026-01-18,
164,137,3,Transport,2.62,2026-01-18,
165,138,9,Education,195.0,2024-11-26,
166,139,4,Wellbeing,1321.41,2025-04-30,
167,140,3,Operations,304.75,2024-11-24,
168,141,6,Maintenance,318.57,2024-02-08,
169,142,4,Transport,1071.26,2025-01-12,
170,143,2,Wellbeing,503.75,2025-10-29,
171,144,7,Operations,182.41,2025-06-15,
172,144,2,Education,182.41,2025-06-15,
173,145,8,Wellbeing,387.31,2023-03-25,
174,145,4,Maintenance,387.31,2023-03-25,
175,146,1,Maintenance,476.64,2024-02-06,
176,147,2,Outreach,11.51,2025-08-05,
177,148,1,Maintenance,19.2,2023-07-23,
178,149,4,Education,300.0,2023-10-20,
179,150,4,Outreach,853.82,2024-10-03,
180,150,3,Education,853.82,2024-10-03,
181,151,2,Wellbeing,436.93,2025-07-18,
182,152,1,Maintenance,250.0,2024-09-02,
183,153,2,Operations,4.89,2023-07-02,
184,154,9,Outreach,97.5,2024-10-14,
185,154,4,Transport,150.0,2024-10-14,
186,155,1,Maintenance,716.99,2025-09-23,
187,156,5,Wellbeing,1024.06,2024-12-06,
188,157,5,Maintenance,5.85,2024-12-06,
189,158,4,Education,303.45,2023-06-24,
190,158,1,Transport,303.45,2023-06-24,
191,159,3,Operations,325.06,2023-08-27,
192,160,7,Education,903.39,2024-11-08,
193,161,6,Transport,1042.36,2024-10-17,
194,162,5,Transport,15.36,2023-10-29,
195,162,3,Operations,15.36,2023-10-29,
196,163,2,Wellbeing,710.26,2025-01-07,
197,164,5,Education,971.81,2024-08-04,
198,165,3,Education,169.46,2023-01-22,
199,165,5,Operations,169.46,2023-01-22,
200,166,1,Wellbeing,1604.45,2025-07-29,
201,166,8,Transport,1604.45,2025-07-29,
202,167,6,Education,212.52,2025-08-10,
203,167,3,Maintenance,212.52,2025-08-10,
204,168,1,Wellbeing,8.95,2024-12-17,
205,168,8,Wellbeing,8.95,2024-12-17,
206,169,8,Operations,357.02,2026-02-24,
207,170,8,Transport,13.68,2025-12-30,
208,171,4,Education,469.97,2023-05-30,
209,172,7,Wellbeing,801.17,2024-12-20,
210,173,2,Operations,784.78,2023-10-31,
211,173,4,Maintenance,784.78,2023-10-31,
212,174,7,Operations,1564.35,2025-11-22,
213,175,4,Outreach,12.57,2025-03-05,
214,176,8,Transport,9.18,2025-04-04,
215,177,7,Operations,1732.45,2023-11-26,
216,178,2,Transport,2261.72,2025-12-16,
217,179,2,Operations,1021.77,2023-04-24,
218,180,8,Operations,1177.6,2024-08-17,
219,181,3,Wellbeing,201.88,2023-12-03,
220,181,6,Wellbeing,201.88,2023-12-03,
221,182,2,Education,125.0,2024-06-16,
222,182,4,Wellbeing,125.0,2024-06-16,
223,183,3,Operations,638.62,2024-03-13,
224,184,4,Education,308.56,2025-08-15,
225,184,8,Operations,308.56,2025-08-15,
226,185,3,Maintenance,6481.54,2024-12-01,
227,186,2,Maintenance,7.08,2025-04-20,
228,187,5,Education,307.52,2025-10-19,
229,188,4,Education,1061.85,2025-01-01,
230,189,7,Operations,1223.21,2025-10-23,
231,190,3,Transport,519.43,2023-07-19,
232,190,8,Wellbeing,519.43,2023-07-19,
233,191,1,Operations,453.66,2023-03-10,
234,192,8,Education,262.66,2023-10-14,
235,192,8,Wellbeing,262.66,2023-10-14,
236,193,9,Wellbeing,2.94,2024-05-31,
237,194,6,Education,529.53,2025-02-28,
238,195,5,Education,412.91,2026-02-14,
239,196,1,Maintenance,735.7,2024-10-06,
240,197,8,Education,4.75,2023-12-15,
241,198,5,Education,813.27,2025-01-21,
242,199,6,Education,26.27,2023-08-26,
243,200,3,Education,20.62,2023-08-22,
244,201,8,Transport,345.68,2023-01-15,
245,201,2,Education,345.68,2023-01-15,
246,202,7,Operations,577.74,2025-12-17,
247,202,9,Outreach,375.53,2025-12-17,
248,203,4,Operations,125.0,2025-02-11,
249,203,4,Wellbeing,125.0,2025-02-11,
250,204,9,Maintenance,478.15,2025-10-13,
251,205,6,Maintenance,1337.07,2024-01-07,
252,206,4,Transport,812.03,2024-12-28,
253,207,5,Education,17.39,2023-05-04,
254,208,1,Outreach,1160.53,2023-11-23,
255,209,2,Operations,12.44,2025-07-22,
256,210,6,Operations,179.93,2024-01-26,
257,210,5,Outreach,179.93,2024-01-26,
258,211,5,Transport,4.15,2023-04-23,
259,212,1,Operations,697.89,2023-11-03,
260,212,2,Education,697.89,2023-11-03,
261,213,6,Maintenance,413.32,2025-01-08,
262,214,1,Wellbeing,5.98,2025-01-04,
263,215,1,Transport,667.96,2023-08-20,
264,216,3,Wellbeing,633.01,2025-04-01,
265,217,3,Education,1179.47,2024-11-11,
266,218,6,Operations,376.97,2024-12-11,
267,219,3,Operations,409.44,2025-02-15,
268,220,8,Wellbeing,836.04,2025-08-24,
269,221,5,Operations,300.0,2023-03-29,
270,222,1,Operations,482.86,2024-06-30,
271,223,7,Maintenance,400.04,2023-08-11,
272,223,2,Operations,400.04,2023-08-11,
273,224,8,Operations,593.89,2025-11-12,
274,225,3,Operations,650.1,2024-10-24,
275,226,4,Operations,151.15,2025-03-10,
276,226,8,Maintenance,151.15,2025-03-10,
277,227,4,Education,526.91,2024-11-18,
278,227,5,Outreach,526.91,2024-11-18,
279,228,2,Operations,721.33,2023-04-17,
280,229,9,Operations,380.5,2025-08-21,
281,229,2,Transport,585.39,2025-08-21,
282,230,3,Wellbeing,1074.37,2026-01-20,
283,230,2,Education,1074.37,2026-01-20,
284,231,8,Outreach,1051.92,2024-12-28,
285,231,3,Education,1051.92,2024-12-28,
286,232,8,Outreach,979.58,2025-05-11,
287,232,9,Maintenance,636.73,2025-05-11,
288,233,8,Operations,2.9,2024-08-28,
289,233,4,Maintenance,2.9,2024-08-28,
290,234,3,Education,2104.72,2023-10-07,
291,235,9,Wellbeing,503.1,2023-08-01,
292,235,2,Operations,774.0,2023-08-01,
293,236,8,Transport,388.04,2026-01-05,
294,237,2,Wellbeing,1333.62,2025-11-24,
295,237,1,Education,1333.62,2025-11-24,
296,238,7,Education,4213.58,2025-08-19,
297,239,9,Education,162.5,2025-11-23,
298,240,2,Maintenance,825.07,2024-11-11,
299,240,6,Education,825.07,2024-11-11,
300,241,4,Operations,300.0,2025-12-21,
301,242,8,Maintenance,419.25,2024-09-10,
302,243,2,Wellbeing,489.55,2025-09-10,
303,244,1,Education,935.56,2023-08-05,
304,245,7,Wellbeing,816.8,2025-02-06,
305,245,8,Outreach,816.8,2025-02-06,
306,246,4,Wellbeing,1223.82,2024-08-03,
307,246,7,Wellbeing,1223.82,2024-08-03,
308,247,1,Wellbeing,283.99,2023-05-23,
309,247,7,Wellbeing,283.99,2023-05-23,
310,248,3,Operations,756.8,2025-05-26,
311,249,1,Education,808.8,2025-07-18,
312,250,5,Maintenance,689.85,2026-02-19,
313,251,9,Transport,659.39,2023-12-20,
314,251,3,Wellbeing,1014.45,2023-12-20,
315,252,6,Outreach,3.69,2025-08-11,
316,252,7,Education,3.69,2025-08-11,
317,253,6,Transport,29.54,2023-06-13,
318,254,8,Operations,419.11,2023-12-06,
319,254,4,Operations,419.11,2023-12-06,
320,255,1,Operations,1295.61,2024-09-03,
321,256,3,Wellbeing,1504.94,2024-11-13,
322,257,1,Maintenance,671.26,2025-03-31,
323,258,1,Transport,626.97,2025-08-28,
324,259,8,Transport,380.15,2024-09-10,
325,260,1,Operations,508.55,2024-04-11,
326,260,2,Maintenance,508.55,2024-04-11,
327,261,8,Transport,5.45,2023-01-16,
328,262,6,Education,341.77,2023-04-26,
329,262,1,Operations,341.77,2023-04-26,
330,263,6,Wellbeing,537.37,2025-12-06,
331,264,3,Maintenance,300.0,2024-02-28,
332,265,3,Education,344.86,2025-08-10,
333,266,7,Transport,374.1,2023-07-27,
334,267,7,Education,694.07,2023-02-22,
335,268,1,Transport,300.0,2023-11-06,
336,269,1,Outreach,314.15,2024-11-15,
337,270,4,Operations,603.87,2023-04-14,
338,271,5,Outreach,687.39,2023-07-16,
339,271,9,Education,446.81,2023-07-16,
340,272,3,Outreach,427.1,2024-06-15,
341,273,9,Education,355.71,2024-05-30,
342,274,3,Education,1000.5,2023-09-03,
343,275,1,Transport,463.82,2025-03-13,
344,276,8,Operations,707.04,2026-02-03,
345,277,9,Outreach,223.34,2023-10-03,
346,278,2,Transport,655.63,2024-04-24,
347,279,1,Transport,207.56,2024-12-05,
348,279,6,Operations,207.56,2024-12-05,
349,280,3,Wellbeing,583.05,2025-11-20,
350,281,9,Wellbeing,1.7,2025-11-03,
351,282,5,Wellbeing,7.53,2024-04-28,
352,283,3,Transport,330.63,2023-07-02,
353,284,4,Maintenance,19.4,2026-02-11,
354,285,5,Outreach,564.36,2025-07-17,
355,286,8,Operations,2496.61,2023-12-29,
356,287,3,Operations,736.22,2024-02-15,
357,288,8,Transport,287.16,2025-08-31,
358,288,9,Wellbeing,186.65,2025-08-31,
359,289,2,Operations,8.27,2024-04-16,
360,290,6,Wellbeing,11.61,2023-03-18,
361,291,7,Outreach,193.0,2025-04-08,
362,291,2,Wellbeing,193.0,2025-04-08,
363,292,9,Operations,102.67,2023-06-12,
364,292,1,Operations,157.96,2023-06-12,
365,293,3,Transport,372.94,2025-05-08,
366,294,2,Wellbeing,20.96,2025-12-14,
367,295,3,Education,663.94,2023-07-01,
368,296,4,Transport,286.8,2024-07-10,
369,296,2,Operations,286.8,2024-07-10,
370,297,3,Outreach,320.08,2026-02-02,
371,298,1,Operations,659.78,2026-01-22,
372,299,3,Outreach,300.0,2025-10-02,
373,300,3,Transport,2263.85,2023-12-17,
374,301,8,Wellbeing,2.2,2025-12-30,
375,302,2,Education,575.66,2025-11-23,
376,302,3,Transport,575.66,2025-11-23,
377,303,6,Education,1752.44,2024-07-14,
378,304,9,Operations,195.0,2025-10-03,
379,305,9,Education,13.3,2025-03-12,
380,306,5,Education,175.09,2023-09-18,
381,306,6,Education,175.09,2023-09-18,
382,307,3,Operations,454.01,2024-06-30,
383,308,7,Operations,300.0,2026-01-01,
384,309,1,Maintenance,300.0,2023-11-19,
385,310,6,Education,5.72,2023-07-06,
386,311,5,Wellbeing,329.09,2025-09-23,
387,312,9,Transport,195.0,2024-11-29,
388,313,3,Wellbeing,154.47,2023-12-16,
389,313,6,Wellbeing,154.47,2023-12-16,
390,314,2,Education,512.03,2025-12-03,
391,315,7,Operations,1082.01,2025-10-18,
392,316,8,Education,11.13,2024-07-22,
393,316,1,Wellbeing,11.13,2024-07-22,
394,317,5,Wellbeing,25.93,2024-10-13,
395,318,3,Wellbeing,310.5,2025-06-16,
396,319,4,Education,196.66,2026-02-18,
397,319,4,Education,196.66,2026-02-18,
398,320,6,Wellbeing,506.71,2023-04-03,
399,321,5,Wellbeing,690.98,2024-10-25,
400,322,9,Transport,335.59,2025-07-17,
401,323,1,Operations,416.0,2024-04-08,
402,324,2,Operations,825.99,2023-11-07,
403,325,1,Transport,28.61,2025-11-08,
404,326,3,Operations,836.51,2023-03-01,
405,327,1,Education,811.72,2023-07-13,
406,328,5,Education,776.19,2024-01-27,
407,329,5,Operations,770.34,2024-06-22,
408,330,4,Outreach,716.84,2024-03-17,
409,331,8,Education,531.11,2023-10-03,
410,332,7,Operations,12.85,2025-03-15,
411,333,2,Transport,789.3,2023-05-29,
412,334,1,Operations,452.5,2023-04-12,
413,334,4,Education,452.5,2023-04-12,
414,335,8,Wellbeing,571.69,2023-03-20,
415,336,2,Wellbeing,197.94,2023-05-05,
416,336,4,Operations,197.94,2023-05-05,
417,337,3,Education,235.77,2024-09-17,
418,337,6,Wellbeing,235.77,2024-09-17,
419,338,3,Operations,250.0,2025-02-07,
420,339,4,Education,13.56,2023-12-25,
421,339,3,Wellbeing,13.56,2023-12-25,
422,340,4,Transport,9.31,2025-01-23,
423,341,5,Transport,1420.95,2023-03-22,
424,342,1,Maintenance,993.12,2024-10-08,
425,343,2,Transport,413.2,2023-05-08,
426,344,3,Wellbeing,741.25,2025-08-12,
427,345,5,Outreach,1940.26,2025-11-24,
428,346,3,Education,1604.35,2024-09-27,
429,347,3,Operations,13.89,2025-07-05,
430,348,1,Wellbeing,988.59,2025-07-14,
431,349,3,Transport,452.59,2024-12-02,
432,350,5,Operations,1215.82,2023-12-22,
433,351,9,Operations,657.71,2024-11-14,
434,352,8,Outreach,196.04,2023-04-09,
435,352,9,Wellbeing,127.43,2023-04-09,
436,353,9,Wellbeing,854.15,2023-12-20,
437,353,7,Education,1314.07,2023-12-20,
438,354,2,Education,11.56,2025-04-20,
439,355,1,Wellbeing,10.67,2025-11-20,
440,356,6,Wellbeing,612.89,2023-01-10,
441,357,2,Operations,1066.99,2025-06-25,
442,357,4,Outreach,1066.99,2025-06-25,
443,358,4,Maintenance,803.96,2023-06-02,
444,359,9,Wellbeing,659.54,2025-04-26,
445,360,5,Maintenance,9.67,2023-01-27,
446,361,7,Outreach,695.6,2023-03-08,
447,362,8,Operations,292.62,2024-12-08,
448,362,5,Wellbeing,292.62,2024-12-08,
449,363,8,Education,1812.47,2024-09-17,
450,364,7,Education,381.42,2025-09-02,
451,364,8,Education,381.42,2025-09-02,
452,365,7,Operations,11.16,2023-05-18,
453,366,8,Transport,915.05,2023-08-07,
454,367,6,Wellbeing,300.82,2023-06-08,
455,368,1,Operations,536.82,2023-03-30,
456,369,4,Wellbeing,538.29,2024-02-07,
457,369,1,Operations,538.29,2024-02-07,
458,370,2,Operations,2499.74,2025-06-16,
459,371,8,Education,2310.53,2025-12-22,
460,372,9,Wellbeing,162.5,2024-06-22,
461,373,6,Transport,4.01,2023-11-02,
462,374,4,Operations,1282.52,2023-03-08,
463,374,5,Education,1282.52,2023-03-08,
464,375,5,Wellbeing,125.0,2024-01-02,
465,375,9,Outreach,81.25,2024-01-02,
466,376,4,Transport,362.04,2025-04-07,
467,376,1,Education,362.04,2025-04-07,
468,377,9,Outreach,5.05,2024-08-28,
469,377,3,Transport,7.76,2024-08-28,
470,378,5,Education,568.31,2024-06-08,
471,378,3,Education,568.31,2024-06-08,
472,379,3,Education,250.0,2023-02-22,
473,380,1,Transport,1399.62,2024-12-13,
474,381,5,Transport,538.65,2023-07-14,
475,382,4,Operations,748.26,2024-11-25,
476,383,2,Outreach,1510.6,2025-07-08,
477,384,7,Maintenance,1878.65,2025-10-08,
478,385,8,Operations,519.42,2023-06-02,
479,386,5,Operations,642.58,2026-02-11,
480,387,9,Operations,351.86,2024-08-04,
481,388,5,Outreach,511.42,2023-10-15,
482,389,6,Operations,300.0,2023-11-05,
483,390,7,Outreach,180.99,2025-02-04,
484,390,4,Operations,180.99,2025-02-04,
485,391,9,Education,0.81,2025-03-19,
486,391,4,Outreach,1.25,2025-03-19,
487,392,4,Transport,19.7,2023-10-31,
488,392,9,Wellbeing,12.8,2023-10-31,
489,393,9,Outreach,195.0,2023-12-13,
490,394,9,Outreach,755.41,2025-11-18,
491,395,2,Wellbeing,1078.99,2025-10-27,
492,396,5,Wellbeing,39.15,2023-07-25,
493,397,8,Education,583.43,2023-10-11,
494,398,5,Operations,280.87,2024-04-30,
495,399,3,Maintenance,972.26,2024-09-23,
496,400,9,Operations,246.51,2026-01-20,
497,401,1,Maintenance,3.63,2024-08-26,
498,402,2,Education,382.94,2023-12-19,
499,403,7,Maintenance,291.03,2025-07-04,
500,404,3,Education,835.01,2025-05-29,
501,405,5,Wellbeing,3.54,2023-08-15,
502,405,4,Operations,3.54,2023-08-15,
503,406,4,Education,10.29,2024-11-06,
504,406,5,Outreach,10.29,2024-11-06,
505,407,4,Transport,250.0,2024-01-17,
506,408,7,Wellbeing,597.03,2023-12-05,
507,408,3,Maintenance,597.03,2023-12-05,
508,409,9,Operations,453.66,2025-01-12,
509,410,9,Transport,310.74,2023-08-18,
510,411,7,Operations,4.61,2023-12-01,
511,412,7,Wellbeing,16.45,2026-01-12,
512,412,5,Operations,16.45,2026-01-12,
513,413,4,Maintenance,469.23,2025-11-27,
514,414,3,Wellbeing,420.23,2024-10-14,
515,415,5,Wellbeing,10.8,2026-01-13,
516,416,9,Education,728.7,2023-02-03,
517,417,6,Maintenance,349.66,2023-01-13,
518,418,3,Outreach,1924.57,2025-03-08,
519,419,9,Operations,440.59,2024-10-29,
520,420,7,Maintenance,150.0,2025-12-09,
521,420,7,Transport,150.0,2025-12-09,
522,421,2,Education,717.18,2025-12-31,
523,422,4,Transport,35.15,2025-12-02,
524,423,8,Wellbeing,1074.65,2024-12-02,
525,424,9,Operations,799.86,2023-09-11,
526,425,8,Operations,1177.41,2023-11-08,
527,426,7,Transport,678.86,2025-09-18,
528,427,3,Wellbeing,18.77,2024-12-14,
529,427,5,Operations,18.77,2024-12-14,
530,428,4,Wellbeing,600.64,2024-11-21,
531,429,6,Outreach,911.84,2023-09-25,
532,430,3,Maintenance,1677.73,2023-04-16,
533,431,3,Education,11.39,2023-02-10,
534,432,4,Education,1773.19,2024-11-20,
535,433,1,Wellbeing,433.32,2025-08-30,
536,434,4,Transport,1541.75,2025-10-07,
537,435,3,Education,150.0,2023-07-02,
538,435,8,Operations,150.0,2023-07-02,
539,436,7,Transport,4026.84,2024-10-25,
540,437,9,Transport,2.79,2023-08-11,
541,438,3,Maintenance,17.79,2026-01-06,
542,439,3,Operations,171.48,2026-03-01,
543,439,8,Outreach,171.48,2026-03-01,
544,440,2,Wellbeing,962.42,2023-08-31,
545,441,5,Operations,1345.15,2024-01-13,
546,442,4,Education,1109.83,2025-11-13,
547,443,9,Education,13.94,2024-02-06,
548,444,5,Education,3.05,2023-04-27,
549,445,9,Education,1167.71,2024-11-04,
550,446,2,Operations,541.93,2025-09-28,
551,446,4,Transport,541.93,2025-09-28,
552,447,9,Operations,537.5,2023-10-19,
553,448,8,Operations,5.63,2025-06-15,
554,448,8,Education,5.63,2025-06-15,
555,449,4,Wellbeing,1014.15,2023-12-26,
556,450,5,Transport,439.51,2023-03-15,
557,451,6,Operations,32.95,2025-01-24,
558,452,4,Education,12.59,2024-01-18,
559,453,5,Outreach,1432.02,2025-01-12,
560,454,4,Education,938.45,2025-12-28,
561,455,6,Wellbeing,826.28,2023-03-15,
562,456,9,Outreach,498.09,2023-11-06,
563,457,4,Transport,1104.16,2023-07-25,
564,458,4,Education,568.91,2025-07-15,
565,459,6,Education,437.14,2025-04-28,
566,460,5,Operations,2.6,2023-02-02,
567,461,5,Transport,31.14,2025-03-26,
568,462,5,Operations,5.93,2023-03-22,
569,462,4,Education,5.93,2023-03-22,
570,463,9,Education,195.0,2025-11-03,
571,464,2,Outreach,313.53,2023-09-13,
572,465,2,Transport,4.08,2025-11-12,
573,465,9,Wellbeing,2.65,2025-11-12,
574,466,8,Transport,1011.03,2023-12-20,
575,466,1,Operations,1011.03,2023-12-20,
576,467,2,Wellbeing,857.65,2024-10-25,
577,468,1,Outreach,300.0,2023-11-10,
578,469,8,Wellbeing,355.62,2025-11-23,
579,469,1,Operations,355.62,2025-11-23,
580,470,1,Wellbeing,436.4,2023-08-12,
581,471,3,Transport,168.29,2024-10-18,
582,471,5,Operations,168.29,2024-10-18,
583,472,7,Transport,19.07,2023-02-24,
584,473,9,Transport,3.4,2023-11-03,
585,474,3,Operations,675.66,2024-09-15,
586,475,6,Operations,2.66,2023-03-13,
587,476,9,Operations,923.53,2024-03-27,
588,477,4,Wellbeing,1226.51,2023-12-27,
589,478,5,Wellbeing,1149.13,2024-10-18,
590,479,4,Transport,12.58,2024-12-29,
591,480,3,Wellbeing,658.36,2024-10-22,
592,481,6,Education,684.92,2025-10-24,
593,481,2,Outreach,684.92,2025-10-24,
594,482,1,Wellbeing,1392.1,2024-01-08,
595,483,9,Transport,594.72,2026-02-27,
596,484,3,Transport,892.83,2025-10-05,
597,485,2,Wellbeing,630.81,2024-05-16,
598,486,1,Education,1623.68,2024-10-11,
599,487,6,Outreach,20.42,2024-08-31,
600,488,3,Wellbeing,300.0,2024-03-04,
601,489,2,Outreach,396.32,2025-10-28,
602,490,4,Wellbeing,444.97,2023-09-12,
603,491,8,Wellbeing,4.54,2023-06-25,
604,491,5,Maintenance,4.54,2023-06-25,
605,492,9,Wellbeing,329.02,2023-01-17,
606,493,8,Education,1967.06,2025-12-08,
607,494,4,Outreach,300.0,2023-04-09,
608,495,8,Operations,10.09,2023-05-10,
609,496,3,Maintenance,9.57,2023-12-07,
610,496,6,Wellbeing,9.57,2023-12-07,
611,497,3,Wellbeing,395.95,2025-02-03,
612,498,1,Education,21.67,2023-06-19,
613,499,5,Outreach,4.65,2024-01-17,
614,500,6,Operations,1997.7,2025-07-18,
615,501,3,Education,295.79,2024-09-19,
616,502,5,Transport,250.0,2025-05-11,
617,503,8,Wellbeing,489.6,2024-01-17,
618,504,3,Education,527.51,2025-09-13,
619,505,6,Operations,502.9,2023-06-02,
620,506,3,Operations,2160.9,2024-08-07,
621,507,3,Maintenance,423.77,2024-06-07,
622,508,3,Outreach,577.02,2024-08-20,
623,509,4,Operations,1461.45,2025-04-07,
624,510,6,Maintenance,235.31,2024-10-12,
625,510,2,Wellbeing,235.31,2024-10-12,
626,511,1,Transport,464.59,2024-04-26,
627,512,1,Education,285.45,2025-10-16,
628,513,7,Maintenance,767.63,2024-05-04,
629,514,8,Operations,413.82,2025-03-06,
630,515,9,Wellbeing,2073.31,2025-08-12,
631,516,8,Education,2439.57,2025-03-03,
632,517,9,Operations,250.97,2023-03-18,
633,518,5,Operations,5.92,2023-02-02,
634,519,1,Transport,583.6,2023-07-08,
635,519,1,Operations,583.6,2023-07-08,
636,520,2,Education,1036.3,2023-05-11,
637,521,9,Education,162.5,2023-08-14,
638,522,9,Maintenance,382.17,2024-07-21,
639,523,8,Outreach,447.5,2025-11-09,
640,524,5,Education,245.24,2025-11-23,
641,524,8,Wellbeing,245.24,2025-11-23,
642,525,4,Wellbeing,787.53,2025-04-22,
643,526,1,Operations,1534.69,2025-03-15,
644,527,3,Wellbeing,30.16,2024-11-21,
645,528,2,Wellbeing,732.46,2025-05-07,
646,529,3,Outreach,329.79,2024-10-09,
647,530,3,Education,675.17,2023-03-23,
648,530,9,Operations,438.86,2023-03-23,
649,531,2,Wellbeing,18.82,2023-11-02,
650,532,3,Wellbeing,999.49,2024-04-13,
651,533,2,Operations,3.02,2023-12-03,
652,533,2,Education,3.02,2023-12-03,
653,534,4,Outreach,486.04,2023-12-28,
654,535,1,Wellbeing,1788.92,2023-06-03,
655,536,8,Maintenance,622.51,2024-11-10,
656,537,2,Maintenance,11.04,2024-10-26,
657,537,4,Wellbeing,11.04,2024-10-26,
658,538,8,Transport,11.45,2023-12-08,
659,539,2,Education,1510.08,2025-07-17,
660,540,6,Education,12.17,2023-09-25,
661,540,1,Operations,12.17,2023-09-25,
662,541,7,Maintenance,1244.53,2025-07-04,
663,542,5,Transport,516.02,2023-12-10,
664,542,1,Operations,516.02,2023-12-10,
665,543,6,Operations,878.72,2023-05-21,
666,543,9,Transport,571.17,2023-05-21,
667,544,7,Operations,240.08,2024-02-15,
668,544,2,Operations,240.08,2024-02-15,
669,545,4,Education,9.94,2023-03-04,
670,546,4,Operations,329.29,2024-11-28,
671,546,4,Transport,329.29,2024-11-28,
672,547,7,Operations,460.56,2023-08-22,
673,548,4,Operations,7.43,2024-11-09,
674,549,3,Maintenance,421.11,2023-11-11,
675,550,6,Operations,971.69,2025-03-04,
676,551,9,Education,388.66,2024-07-09,
677,551,8,Wellbeing,597.95,2024-07-09,
678,552,8,Maintenance,9.38,2025-10-14,
679,552,9,Operations,6.1,2025-10-14,
680,553,7,Education,504.86,2025-10-02,
681,554,4,Education,416.51,2024-05-22,
682,555,2,Outreach,616.42,2023-01-09,
683,556,6,Operations,695.12,2024-09-15,
684,557,6,Wellbeing,2.62,2026-01-18,
685,557,3,Transport,2.62,2026-01-18,
686,558,9,Education,195.0,2024-11-26,
687,559,4,Wellbeing,1321.41,2025-04-30,
688,560,3,Operations,304.75,2024-11-24,
689,561,6,Maintenance,318.57,2024-02-08,
690,562,4,Transport,1071.26,2025-01-12,
691,563,2,Wellbeing,503.75,2025-10-29,
692,564,7,Operations,182.41,2025-06-15,
693,564,2,Education,182.41,2025-06-15,
694,565,8,Wellbeing,387.31,2023-03-25,
695,565,4,Maintenance,387.31,2023-03-25,
696,566,1,Maintenance,476.64,2024-02-06,
697,567,2,Outreach,11.51,2025-08-05,
698,568,1,Maintenance,19.2,2023-07-23,
699,569,4,Education,300.0,2023-10-20,
700,570,4,Outreach,853.82,2024-10-03,
701,570,3,Education,853.82,2024-10-03,
702,571,2,Wellbeing,436.93,2025-07-18,
703,572,1,Maintenance,250.0,2024-09-02,
704,573,2,Operations,4.89,2023-07-02,
705,574,9,Outreach,97.5,2024-10-14,
706,574,4,Transport,150.0,2024-10-14,
707,575,1,Maintenance,716.99,2025-09-23,
708,576,5,Wellbeing,1024.06,2024-12-06,
709,577,5,Maintenance,5.85,2024-12-06,
710,578,4,Education,303.45,2023-06-24,
711,578,1,Transport,303.45,2023-06-24,
712,579,3,Operations,325.06,2023-08-27,
713,580,7,Education,903.39,2024-11-08,
714,581,6,Transport,1042.36,2024-10-17,
715,582,5,Transport,15.36,2023-10-29,
716,582,3,Operations,15.36,2023-10-29,
717,583,2,Wellbeing,710.26,2025-01-07,
718,584,5,Education,971.81,2024-08-04,
719,585,3,Education,169.46,2023-01-22,
720,585,5,Operations,169.46,2023-01-22,
721,586,1,Wellbeing,1604.45,2025-07-29,
722,586,8,Transport,1604.45,2025-07-29,
723,587,6,Education,212.52,2025-08-10,
724,587,3,Maintenance,212.52,2025-08-10,
725,588,1,Wellbeing,8.95,2024-12-17,
726,588,8,Wellbeing,8.95,2024-12-17,
727,589,8,Operations,357.02,2026-02-24,
728,590,8,Transport,13.68,2025-12-30,
729,591,4,Education,469.97,2023-05-30,
730,592,7,Wellbeing,801.17,2024-12-20,
731,593,2,Operations,784.78,2023-10-31,
732,593,4,Maintenance,784.78,2023-10-31,
733,594,7,Operations,1564.35,2025-11-22,
734,595,4,Outreach,12.57,2025-03-05,
735,596,8,Transport,9.18,2025-04-04,
736,597,7,Operations,1732.45,2023-11-26,
737,598,2,Transport,2261.72,2025-12-16,
738,599,2,Operations,1021.77,2023-04-24,
739,600,8,Operations,1177.6,2024-08-17,
740,601,3,Wellbeing,201.88,2023-12-03,
741,601,6,Wellbeing,201.88,2023-12-03,
742,602,2,Education,125.0,2024-06-16,
743,602,4,Wellbeing,125.0,2024-06-16,
744,603,3,Operations,638.62,2024-03-13,
745,604,4,Education,308.56,2025-08-15,
746,604,8,Operations,308.56,2025-08-15,
747,605,3,Maintenance,6481.54,2024-12-01,
748,606,2,Maintenance,7.08,2025-04-20,
749,607,5,Education,307.52,2025-10-19,
750,608,4,Education,1061.85,2025-01-01,
751,609,7,Operations,1223.21,2025-10-23,
752,610,3,Transport,519.43,2023-07-19,
753,610,8,Wellbeing,519.43,2023-07-19,
754,611,1,Operations,453.66,2023-03-10,
755,612,8,Education,262.66,2023-10-14,
756,612,8,Wellbeing,262.66,2023-10-14,
757,613,9,Wellbeing,2.94,2024-05-31,
758,614,6,Education,529.53,2025-02-28,
759,615,5,Education,412.91,2026-02-14,
760,616,1,Maintenance,735.7,2024-10-06,
761,617,8,Education,4.75,2023-12-15,
762,618,5,Education,813.27,2025-01-21,
763,619,6,Education,26.27,2023-08-26,
764,620,3,Education,20.62,2023-08-22,
765,621,8,Transport,345.68,2023-01-15,
766,621,2,Education,345.68,2023-01-15,
767,622,7,Operations,577.74,2025-12-17,
768,622,9,Outreach,375.53,2025-12-17,
769,623,4,Operations,125.0,2025-02-11,
770,623,4,Wellbeing,125.0,2025-02-11,
771,624,9,Maintenance,478.15,2025-10-13,
772,625,6,Maintenance,1337.07,2024-01-07,
773,626,4,Transport,812.03,2024-12-28,
774,627,5,Education,17.39,2023-05-04,
775,628,1,Outreach,1160.53,2023-11-23,
776,629,2,Operations,12.44,2025-07-22,
777,630,6,Operations,179.93,2024-01-26,
778,630,5,Outreach,179.93,2024-01-26,
779,631,5,Transport,4.15,2023-04-23,
780,632,1,Operations,697.89,2023-11-03,
781,632,2,Education,697.89,2023-11-03,
782,633,6,Maintenance,413.32,2025-01-08,
783,634,1,Wellbeing,5.98,2025-01-04,
784,635,1,Transport,667.96,2023-08-20,
785,636,3,Wellbeing,633.01,2025-04-01,
786,637,3,Education,1179.47,2024-11-11,
787,638,6,Operations,376.97,2024-12-11,
788,639,3,Operations,409.44,2025-02-15,
789,640,8,Wellbeing,836.04,2025-08-24,
790,641,5,Operations,300.0,2023-03-29,
791,642,1,Operations,482.86,2024-06-30,
792,643,7,Maintenance,400.04,2023-08-11,
793,643,2,Operations,400.04,2023-08-11,
794,644,8,Operations,593.89,2025-11-12,
795,645,3,Operations,650.1,2024-10-24,
796,646,4,Operations,151.15,2025-03-10,
797,646,8,Maintenance,151.15,2025-03-10,
798,647,4,Education,526.91,2024-11-18,
799,647,5,Outreach,526.91,2024-11-18,
800,648,2,Operations,721.33,2023-04-17,
801,649,9,Operations,380.5,2025-08-21,
802,649,2,Transport,585.39,2025-08-21,
803,650,3,Wellbeing,1074.37,2026-01-20,
804,650,2,Education,1074.37,2026-01-20,
805,651,8,Outreach,1051.92,2024-12-28,
806,651,3,Education,1051.92,2024-12-28,
807,652,8,Outreach,979.58,2025-05-11,
808,652,9,Maintenance,636.73,2025-05-11,
809,653,8,Operations,2.9,2024-08-28,
810,653,4,Maintenance,2.9,2024-08-28,
811,654,3,Education,2104.72,2023-10-07,
812,655,9,Wellbeing,503.1,2023-08-01,
813,655,2,Operations,774.0,2023-08-01,
814,656,8,Transport,388.04,2026-01-05,
815,657,2,Wellbeing,1333.62,2025-11-24,
816,657,1,Education,1333.62,2025-11-24,
817,658,7,Education,4213.58,2025-08-19,
818,659,9,Education,162.5,2025-11-23,
819,660,2,Maintenance,825.07,2024-11-11,
820,660,6,Education,825.07,2024-11-11,
821,661,4,Operations,300.0,2025-12-21,
822,662,8,Maintenance,419.25,2024-09-10,
823,663,2,Wellbeing,489.55,2025-09-10,
824,664,1,Education,935.56,2023-08-05,
825,665,7,Wellbeing,816.8,2025-02-06,
826,665,8,Outreach,816.8,2025-02-06,
827,666,4,Wellbeing,1223.82,2024-08-03,
828,666,7,Wellbeing,1223.82,2024-08-03,
829,667,1,Wellbeing,283.99,2023-05-23,
830,667,7,Wellbeing,283.99,2023-05-23,
831,668,3,Operations,756.8,2025-05-26,
832,669,1,Education,808.8,2025-07-18,
833,670,5,Maintenance,689.85,2026-02-19,
834,671,9,Transport,659.39,2023-12-20,
835,671,3,Wellbeing,1014.45,2023-12-20,
836,672,6,Outreach,3.69,2025-08-11,
837,672,7,Education,3.69,2025-08-11,
838,673,6,Transport,29.54,2023-06-13,
839,674,8,Operations,419.11,2023-12-06,
840,674,4,Operations,419.11,2023-12-06,
841,675,1,Operations,1295.61,2024-09-03,
842,676,3,Wellbeing,1504.94,2024-11-13,
843,677,1,Maintenance,671.26,2025-03-31,
844,678,1,Transport,626.97,2025-08-28,
845,679,8,Transport,380.15,2024-09-10,
846,680,1,Operations,508.55,2024-04-11,
847,680,2,Maintenance,508.55,2024-04-11,
848,681,8,Transport,5.45,2023-01-16,
849,682,6,Education,341.77,2023-04-26,
850,682,1,Operations,341.77,2023-04-26,
851,683,6,Wellbeing,537.37,2025-12-06,
852,684,3,Maintenance,300.0,2024-02-28,
853,685,3,Education,344.86,2025-08-10,
854,686,7,Transport,374.1,2023-07-27,
855,687,7,Education,694.07,2023-02-22,
856,688,1,Transport,300.0,2023-11-06,
857,689,1,Outreach,314.15,2024-11-15,
858,690,4,Operations,603.87,2023-04-14,
859,691,5,Outreach,687.39,2023-07-16,
860,691,9,Education,446.81,2023-07-16,
861,692,3,Outreach,427.1,2024-06-15,
862,693,9,Education,355.71,2024-05-30,
863,694,3,Education,1000.5,2023-09-03,
864,695,1,Transport,463.82,2025-03-13,
865,696,8,Operations,707.04,2026-02-03,
866,697,9,Outreach,223.34,2023-10-03,
867,698,2,Transport,655.63,2024-04-24,
868,699,1,Transport,207.56,2024-12-05,
869,699,6,Operations,207.56,2024-12-05,
870,700,3,Wellbeing,583.05,2025-11-20,
871,701,9,Wellbeing,1.7,2025-11-03,
872,702,5,Wellbeing,7.53,2024-04-28,
873,703,3,Transport,330.63,2023-07-02,
874,704,4,Maintenance,19.4,2026-02-11,
875,705,5,Outreach,564.36,2025-07-17,
876,706,8,Operations,2496.61,2023-12-29,
877,707,3,Operations,736.22,2024-02-15,
878,708,8,Transport,287.16,2025-08-31,
879,708,9,Wellbeing,186.65,2025-08-31,
880,709,2,Operations,8.27,2024-04-16,
881,710,6,Wellbeing,11.61,2023-03-18,
882,711,7,Outreach,193.0,2025-04-08,
883,711,2,Wellbeing,193.0,2025-04-08,
884,712,9,Operations,102.67,2023-06-12,
885,712,1,Operations,157.96,2023-06-12,
886,713,3,Transport,372.94,2025-05-08,
887,714,2,Wellbeing,20.96,2025-12-14,
888,715,3,Education,663.94,2023-07-01,
889,716,4,Transport,286.8,2024-07-10,
890,716,2,Operations,286.8,2024-07-10,
891,717,3,Outreach,320.08,2026-02-02,
892,718,1,Operations,659.78,2026-01-22,
893,719,3,Outreach,300.0,2025-10-02,
894,720,3,Transport,2263.85,2023-12-17,
895,721,8,Wellbeing,2.2,2025-12-30,
896,722,2,Education,575.66,2025-11-23,
897,722,3,Transport,575.66,2025-11-23,
898,723,6,Education,1752.44,2024-07-14,
899,724,9,Operations,195.0,2025-10-03,
900,725,9,Education,13.3,2025-03-12,
901,726,5,Education,175.09,2023-09-18,
902,726,6,Education,175.09,2023-09-18,
903,727,3,Operations,454.01,2024-06-30,
904,728,7,Operations,300.0,2026-01-01,
905,729,1,Maintenance,300.0,2023-11-19,
906,730,6,Education,5.72,2023-07-06,
907,731,5,Wellbeing,329.09,2025-09-23,
908,732,9,Transport,195.0,2024-11-29,
909,733,3,Wellbeing,154.47,2023-12-16,
910,733,6,Wellbeing,154.47,2023-12-16,
911,734,2,Education,512.03,2025-12-03,
912,735,7,Operations,1082.01,2025-10-18,
913,736,8,Education,11.13,2024-07-22,
914,736,1,Wellbeing,11.13,2024-07-22,
915,737,5,Wellbeing,25.93,2024-10-13,
916,738,3,Wellbeing,310.5,2025-06-16,
917,739,4,Education,196.66,2026-02-18,
918,739,4,Education,196.66,2026-02-18,
919,740,6,Wellbeing,506.71,2023-04-03,
920,741,5,Wellbeing,690.98,2024-10-25,
921,742,9,Transport,335.59,2025-07-17,
922,743,1,Operations,416.0,2024-04-08,
923,744,2,Operations,825.99,2023-11-07,
924,745,1,Transport,28.61,2025-11-08,
925,746,3,Operations,836.51,2023-03-01,
926,747,1,Education,811.72,2023-07-13,
927,748,5,Education,776.19,2024-01-27,
928,749,5,Operations,770.34,2024-06-22,
929,750,4,Outreach,716.84,2024-03-17,
930,751,8,Education,531.11,2023-10-03,
931,752,7,Operations,12.85,2025-03-15,
932,753,2,Transport,789.3,2023-05-29,
933,754,1,Operations,452.5,2023-04-12,
934,754,4,Education,452.5,2023-04-12,
935,755,8,Wellbeing,571.69,2023-03-20,
936,756,2,Wellbeing,197.94,2023-05-05,
937,756,4,Operations,197.94,2023-05-05,
938,757,3,Education,235.77,2024-09-17,
939,757,6,Wellbeing,235.77,2024-09-17,
940,758,3,Operations,250.0,2025-02-07,
941,759,4,Education,13.56,2023-12-25,
942,759,3,Wellbeing,13.56,2023-12-25,
943,760,4,Transport,9.31,2025-01-23,
944,761,5,Transport,1420.95,2023-03-22,
945,762,1,Maintenance,993.12,2024-10-08,
946,763,2,Transport,413.2,2023-05-08,
947,764,3,Wellbeing,741.25,2025-08-12,
948,765,5,Outreach,1940.26,2025-11-24,
949,766,3,Education,1604.35,2024-09-27,
950,767,3,Operations,13.89,2025-07-05,
951,768,1,Wellbeing,988.59,2025-07-14,
952,769,3,Transport,452.59,2024-12-02,
953,770,5,Operations,1215.82,2023-12-22,
954,771,9,Operations,657.71,2024-11-14,
955,772,8,Outreach,196.04,2023-04-09,
956,772,9,Wellbeing,127.43,2023-04-09,
957,773,9,Wellbeing,854.15,2023-12-20,
958,773,7,Education,1314.07,2023-12-20,
959,774,2,Education,11.56,2025-04-20,
960,775,1,Wellbeing,10.67,2025-11-20,
961,776,6,Wellbeing,612.89,2023-01-10,
962,777,2,Operations,1066.99,2025-06-25,
963,777,4,Outreach,1066.99,2025-06-25,
964,778,4,Maintenance,803.96,2023-06-02,
965,779,9,Wellbeing,659.54,2025-04-26,
966,780,5,Maintenance,9.67,2023-01-27,
967,781,7,Outreach,695.6,2023-03-08,
968,782,8,Operations,292.62,2024-12-08,
969,782,5,Wellbeing,292.62,2024-12-08,
970,783,8,Education,1812.47,2024-09-17,
971,784,7,Education,381.42,2025-09-02,
972,784,8,Education,381.42,2025-09-02,
973,785,7,Operations,11.16,2023-05-18,
974,786,8,Transport,915.05,2023-08-07,
975,787,6,Wellbeing,300.82,2023-06-08,
976,788,1,Operations,536.82,2023-03-30,
977,789,4,Wellbeing,538.29,2024-02-07,
978,789,1,Operations,538.29,2024-02-07,
979,790,2,Operations,2499.74,2025-06-16,
980,791,8,Education,2310.53,2025-12-22,
981,792,9,Wellbeing,162.5,2024-06-22,
982,793,6,Transport,4.01,2023-11-02,
983,794,4,Operations,1282.52,2023-03-08,
984,794,5,Education,1282.52,2023-03-08,
985,795,5,Wellbeing,125.0,2024-01-02,
986,795,9,Outreach,81.25,2024-01-02,
987,796,4,Transport,362.04,2025-04-07,
988,796,1,Education,362.04,2025-04-07,
989,797,9,Outreach,5.05,2024-08-28,
990,797,3,Transport,7.76,2024-08-28,
991,798,5,Education,568.31,2024-06-08,
992,798,3,Education,568.31,2024-06-08,
993,799,3,Education,250.0,2023-02-22,
994,800,1,Transport,1399.62,2024-12-13,
995,801,5,Transport,538.65,2023-07-14,
996,802,4,Operations,748.26,2024-11-25,
997,803,2,Outreach,1510.6,2025-07-08,
998,804,7,Maintenance,1878.65,2025-10-08,
999,805,8,Operations,519.42,2023-06-02,
1000,806,5,Operations,642.58,2026-02-11,
1001,807,9,Operations,351.86,2024-08-04,
1002,808,5,Outreach,511.42,2023-10-15,
1003,809,6,Operations,300.0,2023-11-05,
1004,810,7,Outreach,180.99,2025-02-04,
1005,810,4,Operations,180.99,2025-02-04,
1006,811,9,Education,0.81,2025-03-19,
1007,811,4,Outreach,1.25,2025-03-19,
1008,812,4,Transport,19.7,2023-10-31,
1009,812,9,Wellbeing,12.8,2023-10-31,
1010,813,9,Outreach,195.0,2023-12-13,
1011,814,9,Outreach,755.41,2025-11-18,
1012,815,2,Wellbeing,1078.99,2025-10-27,
1013,816,5,Wellbeing,39.15,2023-07-25,
1014,817,8,Education,583.43,2023-10-11,
1015,818,5,Operations,280.87,2024-04-30,
1016,819,3,Maintenance,972.26,2024-09-23,
1017,820,9,Operations,246.51,2026-01-20,
1018,821,1,Maintenance,3.63,2024-08-26,
1019,822,2,Education,382.94,2023-12-19,
1020,823,7,Maintenance,291.03,2025-07-04,
1021,824,3,Education,835.01,2025-05-29,
1022,825,5,Wellbeing,3.54,2023-08-15,
1023,825,4,Operations,3.54,2023-08-15,
1024,826,4,Education,10.29,2024-11-06,
1025,826,5,Outreach,10.29,2024-11-06,
1026,827,4,Transport,250.0,2024-01-17,
1027,828,7,Wellbeing,597.03,2023-12-05,
1028,828,3,Maintenance,597.03,2023-12-05,
1029,829,9,Operations,453.66,2025-01-12,
1030,830,9,Transport,310.74,2023-08-18,
1031,831,7,Operations,4.61,2023-12-01,
1032,832,7,Wellbeing,16.45,2026-01-12,
1033,832,5,Operations,16.45,2026-01-12,
1034,833,4,Maintenance,469.23,2025-11-27,
1035,834,3,Wellbeing,420.23,2024-10-14,
1036,835,5,Wellbeing,10.8,2026-01-13,
1037,836,9,Education,728.7,2023-02-03,
1038,837,6,Maintenance,349.66,2023-01-13,
1039,838,3,Outreach,1924.57,2025-03-08,
1040,839,9,Operations,440.59,2024-10-29,
1041,840,7,Maintenance,150.0,2025-12-09,
1042,840,7,Transport,150.0,2025-12-09,
1043,841,2,Education,717.18,2025-12-31,
1044,842,4,Transport,35.15,2025-12-02,
1045,843,8,Wellbeing,1074.65,2024-12-02,
1046,844,9,Operations,799.86,2023-09-11,
1047,845,8,Operations,1177.41,2023-11-08,
1048,846,7,Transport,678.86,2025-09-18,
1049,847,3,Wellbeing,18.77,2024-12-14,
1050,847,5,Operations,18.77,2024-12-14,
1051,848,4,Wellbeing,600.64,2024-11-21,
1052,849,6,Outreach,911.84,2023-09-25,
1053,850,3,Maintenance,1677.73,2023-04-16,
1054,851,3,Education,11.39,2023-02-10,
1055,852,4,Education,1773.19,2024-11-20,
1056,853,1,Wellbeing,433.32,2025-08-30,
1057,854,4,Transport,1541.75,2025-10-07,
1058,855,3,Education,150.0,2023-07-02,
1059,855,8,Operations,150.0,2023-07-02,
1060,856,7,Transport,4026.84,2024-10-25,
1061,857,9,Transport,2.79,2023-08-11,
1062,858,3,Maintenance,17.79,2026-01-06,
1063,859,3,Operations,171.48,2026-03-01,
1064,859,8,Outreach,171.48,2026-03-01,
1065,860,2,Wellbeing,962.42,2023-08-31,
1066,861,5,Operations,1345.15,2024-01-13,
1067,862,4,Education,1109.83,2025-11-13,
1068,863,9,Education,13.94,2024-02-06,
1069,864,5,Education,3.05,2023-04-27,
1070,865,9,Education,1167.71,2024-11-04,
1071,866,2,Operations,541.93,2025-09-28,
1072,866,4,Transport,541.93,2025-09-28,
1073,867,9,Operations,537.5,2023-10-19,
1074,868,8,Operations,5.63,2025-06-15,
1075,868,8,Education,5.63,2025-06-15,
1076,869,4,Wellbeing,1014.15,2023-12-26,
1077,870,5,Transport,439.51,2023-03-15,
1078,871,6,Operations,32.95,2025-01-24,
1079,872,4,Education,12.59,2024-01-18,
1080,873,5,Outreach,1432.02,2025-01-12,
1081,874,4,Education,938.45,2025-12-28,
1082,875,6,Wellbeing,826.28,2023-03-15,
1083,876,9,Outreach,498.09,2023-11-06,
1084,877,4,Transport,1104.16,2023-07-25,
1085,878,4,Education,568.91,2025-07-15,
1086,879,6,Education,437.14,2025-04-28,
1087,880,5,Operations,2.6,2023-02-02,
1088,881,5,Transport,31.14,2025-03-26,
1089,882,5,Operations,5.93,2023-03-22,
1090,882,4,Education,5.93,2023-03-22,
1091,883,9,Education,195.0,2025-11-03,
1092,884,2,Outreach,313.53,2023-09-13,
1093,885,2,Transport,4.08,2025-11-12,
1094,885,9,Wellbeing,2.65,2025-11-12,
1095,886,8,Transport,1011.03,2023-12-20,
1096,886,1,Operations,1011.03,2023-12-20,
1097,887,2,Wellbeing,857.65,2024-10-25,
1098,888,1,Outreach,300.0,2023-11-10,
1099,889,8,Wellbeing,355.62,2025-11-23,
1100,889,1,Operations,355.62,2025-11-23,
1101,890,1,Wellbeing,436.4,2023-08-12,
1102,891,3,Transport,168.29,2024-10-18,
1103,891,5,Operations,168.29,2024-10-18,
1104,892,7,Transport,19.07,2023-02-24,
1105,893,9,Transport,3.4,2023-11-03,
1106,894,3,Operations,675.66,2024-09-15,
1107,895,6,Operations,2.66,2023-03-13,
1108,896,9,Operations,923.53,2024-03-27,
1109,897,4,Wellbeing,1226.51,2023-12-27,
1110,898,5,Wellbeing,1149.13,2024-10-18,
1111,899,4,Transport,12.58,2024-12-29,
1112,900,3,Wellbeing,658.36,2024-10-22,
1113,901,6,Education,684.92,2025-10-24,
1114,901,2,Outreach,684.92,2025-10-24,
1115,902,1,Wellbeing,1392.1,2024-01-08,
1116,903,9,Transport,594.72,2026-02-27,
1117,904,3,Transport,892.83,2025-10-05,
1118,905,2,Wellbeing,630.81,2024-05-16,
1119,906,1,Education,1623.68,2024-10-11,
1120,907,6,Outreach,20.42,2024-08-31,
1121,908,3,Wellbeing,300.0,2024-03-04,
1122,909,2,Outreach,396.32,2025-10-28,
1123,910,4,Wellbeing,444.97,2023-09-12,
1124,911,8,Wellbeing,4.54,2023-06-25,
1125,911,5,Maintenance,4.54,2023-06-25,
1126,912,9,Wellbeing,329.02,2023-01-17,
1127,913,8,Education,1967.06,2025-12-08,
1128,914,4,Outreach,300.0,2023-04-09,
1129,915,8,Operations,10.09,2023-05-10,
1130,916,3,Maintenance,9.57,2023-12-07,
1131,916,6,Wellbeing,9.57,2023-12-07,
1132,917,3,Wellbeing,395.95,2025-02-03,
1133,918,1,Education,21.67,2023-06-19,
1134,919,5,Outreach,4.65,2024-01-17,
1135,920,6,Operations,1997.7,2025-07-18,
1136,921,3,Education,295.79,2024-09-19,
1137,922,5,Transport,250.0,2025-05-11,
1138,923,8,Wellbeing,489.6,2024-01-17,
1139,924,3,Education,527.51,2025-09-13,
1140,925,6,Operations,502.9,2023-06-02,
1141,926,3,Operations,2160.9,2024-08-07,
1142,927,3,Maintenance,423.77,2024-06-07,
1143,928,3,Outreach,577.02,2024-08-20,
1144,929,4,Operations,1461.45,2025-04-07,
1145,930,6,Maintenance,235.31,2024-10-12,
1146,930,2,Wellbeing,235.31,2024-10-12,
1147,931,1,Transport,464.59,2024-04-26,
1148,932,1,Education,285.45,2025-10-16,
1149,933,7,Maintenance,767.63,2024-05-04,
1150,934,8,Operations,413.82,2025-03-06,
1151,935,9,Wellbeing,2073.31,2025-08-12,
1152,936,8,Education,2439.57,2025-03-03,
1153,937,9,Operations,250.97,2023-03-18,
1154,938,5,Operations,5.92,2023-02-02,
1155,939,1,Transport,583.6,2023-07-08,
1156,939,1,Operations,583.6,2023-07-08,
1157,940,2,Education,1036.3,2023-05-11,
1158,941,9,Education,162.5,2023-08-14,
1159,942,9,Maintenance,382.17,2024-07-21,
1160,943,8,Outreach,447.5,2025-11-09,
1161,944,5,Education,245.24,2025-11-23,
1162,944,8,Wellbeing,245.24,2025-11-23,
1163,945,4,Wellbeing,787.53,2025-04-22,
1164,946,1,Operations,1534.69,2025-03-15,
1165,947,3,Wellbeing,30.16,2024-11-21,
1166,948,2,Wellbeing,732.46,2025-05-07,
1167,949,3,Outreach,329.79,2024-10-09,
1168,950,3,Education,675.17,2023-03-23,
1169,950,9,Operations,438.86,2023-03-23,
1170,951,2,Wellbeing,18.82,2023-11-02,
1171,952,3,Wellbeing,999.49,2024-04-13,
1172,953,2,Operations,3.02,2023-12-03,
1173,953,2,Education,3.02,2023-12-03,
1174,954,4,Outreach,486.04,2023-12-28,
1175,955,1,Wellbeing,1788.92,2023-06-03,
1176,956,8,Maintenance,622.51,2024-11-10,
1177,957,2,Maintenance,11.04,2024-10-26,
1178,957,4,Wellbeing,11.04,2024-10-26,
1179,958,8,Transport,11.45,2023-12-08,
1180,959,2,Education,1510.08,2025-07-17,
1181,960,6,Education,12.17,2023-09-25,
1182,960,1,Operations,12.17,2023-09-25,
1183,961,7,Maintenance,1244.53,2025-07-04,
1184,962,5,Transport,516.02,2023-12-10,
1185,962,1,Operations,516.02,2023-12-10,
1186,963,6,Operations,878.72,2023-05-21,
1187,963,9,Transport,571.17,2023-05-21,
1188,964,7,Operations,240.08,2024-02-15,
1189,964,2,Operations,240.08,2024-02-15,
1190,965,4,Education,9.94,2023-03-04,
1191,966,4,Operations,329.29,2024-11-28,
1192,966,4,Transport,329.29,2024-11-28,
1193,967,7,Operations,460.56,2023-08-22,
1194,968,4,Operations,7.43,2024-11-09,
1195,969,3,Maintenance,421.11,2023-11-11,
1196,970,6,Operations,971.69,2025-03-04,
1197,971,9,Education,388.66,2024-07-09,
1198,971,8,Wellbeing,597.95,2024-07-09,
1199,972,8,Maintenance,9.38,2025-10-14,
1200,972,9,Operations,6.1,2025-10-14,
1201,973,7,Education,504.86,2025-10-02,
1202,974,4,Education,416.51,2024-05-22,
1203,975,2,Outreach,616.42,2023-01-09,
1204,976,6,Operations,695.12,2024-09-15,
1205,977,6,Wellbeing,2.62,2026-01-18,
1206,977,3,Transport,2.62,2026-01-18,
1207,978,9,Education,195.0,2024-11-26,
1208,979,4,Wellbeing,1321.41,2025-04-30,
1209,980,3,Operations,304.75,2024-11-24,
1210,981,6,Maintenance,318.57,2024-02-08,
1211,982,4,Transport,1071.26,2025-01-12,
1212,983,2,Wellbeing,503.75,2025-10-29,
1213,984,7,Operations,182.41,2025-06-15,
1214,984,2,Education,182.41,2025-06-15,
1215,985,8,Wellbeing,387.31,2023-03-25,
1216,985,4,Maintenance,387.31,2023-03-25,
1217,986,1,Maintenance,476.64,2024-02-06,
1218,987,2,Outreach,11.51,2025-08-05,
1219,988,1,Maintenance,19.2,2023-07-23,
1220,989,4,Education,300.0,2023-10-20,
1221,990,4,Outreach,853.82,2024-10-03,
1222,990,3,Education,853.82,2024-10-03,
1223,991,2,Wellbeing,436.93,2025-07-18,
1224,992,1,Maintenance,250.0,2024-09-02,
1225,993,2,Operations,4.89,2023-07-02,
1226,994,9,Outreach,97.5,2024-10-14,
1227,994,4,Transport,150.0,2024-10-14,
1228,995,1,Maintenance,716.99,2025-09-23,
1229,996,5,Wellbeing,1024.06,2024-12-06,
1230,997,5,Maintenance,5.85,2024-12-06,
1231,998,4,Education,303.45,2023-06-24,
1232,998,1,Transport,303.45,2023-06-24,
1233,999,3,Operations,325.06,2023-08-27,
1234,1000,7,Education,903.39,2024-11-08,
1235,1001,6,Transport,1042.36,2024-10-17,
1236,1002,5,Transport,15.36,2023-10-29,
1237,1002,3,Operations,15.36,2023-10-29,
1238,1003,2,Wellbeing,710.26,2025-01-07,
1239,1004,5,Education,971.81,2024-08-04,
1240,1005,3,Education,169.46,2023-01-22,
1241,1005,5,Operations,169.46,2023-01-22,
1242,1006,1,Wellbeing,1604.45,2025-07-29,
1243,1006,8,Transport,1604.45,2025-07-29,
1244,1007,6,Education,212.52,2025-08-10,
1245,1007,3,Maintenance,212.52,2025-08-10,
1246,1008,1,Wellbeing,8.95,2024-12-17,
1247,1008,8,Wellbeing,8.95,2024-12-17,
1248,1009,8,Operations,357.02,2026-02-24,
1249,1010,8,Transport,13.68,2025-12-30,
1250,1011,4,Education,469.97,2023-05-30,
1251,1012,7,Wellbeing,801.17,2024-12-20,
1252,1013,2,Operations,784.78,2023-10-31,
1253,1013,4,Maintenance,784.78,2023-10-31,
1254,1014,7,Operations,1564.35,2025-11-22,
1255,1015,4,Outreach,12.57,2025-03-05,
1256,1016,8,Transport,9.18,2025-04-04,
1257,1017,7,Operations,1732.45,2023-11-26,
1258,1018,2,Transport,2261.72,2025-12-16,
1259,1019,2,Operations,1021.77,2023-04-24,
1260,1020,8,Operations,1177.6,2024-08-17,
1261,1021,3,Wellbeing,201.88,2023-12-03,
1262,1021,6,Wellbeing,201.88,2023-12-03,
1263,1022,2,Education,125.0,2024-06-16,
1264,1022,4,Wellbeing,125.0,2024-06-16,
1265,1023,3,Operations,638.62,2024-03-13,
1266,1024,4,Education,308.56,2025-08-15,
1267,1024,8,Operations,308.56,2025-08-15,
1268,1025,3,Maintenance,6481.54,2024-12-01,
1269,1026,2,Maintenance,7.08,2025-04-20,
1270,1027,5,Education,307.52,2025-10-19,
1271,1028,4,Education,1061.85,2025-01-01,
1272,1029,7,Operations,1223.21,2025-10-23,
1273,1030,3,Transport,519.43,2023-07-19,
1274,1030,8,Wellbeing,519.43,2023-07-19,
1275,1031,1,Operations,453.66,2023-03-10,
1276,1032,8,Education,262.66,2023-10-14,
1277,1032,8,Wellbeing,262.66,2023-10-14,
1278,1033,9,Wellbeing,2.94,2024-05-31,
1279,1034,6,Education,529.53,2025-02-28,
1280,1035,5,Education,412.91,2026-02-14,
1281,1036,1,Maintenance,735.7,2024-10-06,
1282,1037,8,Education,4.75,2023-12-15,
1283,1038,5,Education,813.27,2025-01-21,
1284,1039,6,Education,26.27,2023-08-26,
1285,1040,3,Education,20.62,2023-08-22,
1286,1041,8,Transport,345.68,2023-01-15,
1287,1041,2,Education,345.68,2023-01-15,
1288,1042,7,Operations,577.74,2025-12-17,
1289,1042,9,Outreach,375.53,2025-12-17,
1290,1043,4,Operations,125.0,2025-02-11,
1291,1043,4,Wellbeing,125.0,2025-02-11,
1292,1044,9,Maintenance,478.15,2025-10-13,
1293,1045,6,Maintenance,1337.07,2024-01-07,
1294,1046,4,Transport,812.03,2024-12-28,
1295,1047,5,Education,17.39,2023-05-04,
1296,1048,1,Outreach,1160.53,2023-11-23,
1297,1049,2,Operations,12.44,2025-07-22,
1298,1050,6,Operations,179.93,2024-01-26,
1299,1050,5,Outreach,179.93,2024-01-26,
1300,1051,5,Transport,4.15,2023-04-23,
1301,1052,1,Operations,697.89,2023-11-03,
1302,1052,2,Education,697.89,2023-11-03,
1303,1053,6,Maintenance,413.32,2025-01-08,
1304,1054,1,Wellbeing,5.98,2025-01-04,
1305,1055,1,Transport,667.96,2023-08-20,
1306,1056,3,Wellbeing,633.01,2025-04-01,
1307,1057,3,Education,1179.47,2024-11-11,
1308,1058,6,Operations,376.97,2024-12-11,
1309,1059,3,Operations,409.44,2025-02-15,
1310,1060,8,Wellbeing,836.04,2025-08-24,
1311,1061,5,Operations,300.0,2023-03-29,
1312,1062,1,Operations,482.86,2024-06-30,
1313,1063,7,Maintenance,400.04,2023-08-11,
1314,1063,2,Operations,400.04,2023-08-11,
1315,1064,8,Operations,593.89,2025-11-12,
1316,1065,3,Operations,650.1,2024-10-24,
1317,1066,4,Operations,151.15,2025-03-10,
1318,1066,8,Maintenance,151.15,2025-03-10,
1319,1067,4,Education,526.91,2024-11-18,
1320,1067,5,Outreach,526.91,2024-11-18,
1321,1068,2,Operations,721.33,2023-04-17,
1322,1069,9,Operations,380.5,2025-08-21,
1323,1069,2,Transport,585.39,2025-08-21,
1324,1070,3,Wellbeing,1074.37,2026-01-20,
1325,1070,2,Education,1074.37,2026-01-20,
1326,1071,8,Outreach,1051.92,2024-12-28,
1327,1071,3,Education,1051.92,2024-12-28,
1328,1072,8,Outreach,979.58,2025-05-11,
1329,1072,9,Maintenance,636.73,2025-05-11,
1330,1073,8,Operations,2.9,2024-08-28,
1331,1073,4,Maintenance,2.9,2024-08-28,
1332,1074,3,Education,2104.72,2023-10-07,
1333,1075,9,Wellbeing,503.1,2023-08-01,
1334,1075,2,Operations,774.0,2023-08-01,
1335,1076,8,Transport,388.04,2026-01-05,
1336,1077,2,Wellbeing,1333.62,2025-11-24,
1337,1077,1,Education,1333.62,2025-11-24,
1338,1078,7,Education,4213.58,2025-08-19,
1339,1079,9,Education,162.5,2025-11-23,
1340,1080,2,Maintenance,825.07,2024-11-11,
1341,1080,6,Education,825.07,2024-11-11,
1342,1081,4,Operations,300.0,2025-12-21,
1343,1082,8,Maintenance,419.25,2024-09-10,
1344,1083,2,Wellbeing,489.55,2025-09-10,
1345,1084,1,Education,935.56,2023-08-05,
1346,1085,7,Wellbeing,816.8,2025-02-06,
1347,1085,8,Outreach,816.8,2025-02-06,
1348,1086,4,Wellbeing,1223.82,2024-08-03,
1349,1086,7,Wellbeing,1223.82,2024-08-03,
1350,1087,1,Wellbeing,283.99,2023-05-23,
1351,1087,7,Wellbeing,283.99,2023-05-23,
1352,1088,3,Operations,756.8,2025-05-26,
1353,1089,1,Education,808.8,2025-07-18,
1354,1090,5,Maintenance,689.85,2026-02-19,
1355,1091,9,Transport,659.39,2023-12-20,
1356,1091,3,Wellbeing,1014.45,2023-12-20,
1357,1092,6,Outreach,3.69,2025-08-11,
1358,1092,7,Education,3.69,2025-08-11,
1359,1093,6,Transport,29.54,2023-06-13,
1360,1094,8,Operations,419.11,2023-12-06,
1361,1094,4,Operations,419.11,2023-12-06,
1362,1095,1,Operations,1295.61,2024-09-03,
1363,1096,3,Wellbeing,1504.94,2024-11-13,
1364,1097,1,Maintenance,671.26,2025-03-31,
1365,1098,1,Transport,626.97,2025-08-28,
1366,1099,8,Transport,380.15,2024-09-10,
1367,1100,1,Operations,508.55,2024-04-11,
1368,1100,2,Maintenance,508.55,2024-04-11,
1369,1101,8,Transport,5.45,2023-01-16,
1370,1102,6,Education,341.77,2023-04-26,
1371,1102,1,Operations,341.77,2023-04-26,
1372,1103,6,Wellbeing,537.37,2025-12-06,
1373,1104,3,Maintenance,300.0,2024-02-28,
1374,1105,3,Education,344.86,2025-08-10,
1375,1106,7,Transport,374.1,2023-07-27,
1376,1107,7,Education,694.07,2023-02-22,
1377,1108,1,Transport,300.0,2023-11-06,
1378,1109,1,Outreach,314.15,2024-11-15,
1379,1110,4,Operations,603.87,2023-04-14,
1380,1111,5,Outreach,687.39,2023-07-16,
1381,1111,9,Education,446.81,2023-07-16,
1382,1112,3,Outreach,427.1,2024-06-15,
1383,1113,9,Education,355.71,2024-05-30,
1384,1114,3,Education,1000.5,2023-09-03,
1385,1115,1,Transport,463.82,2025-03-13,
1386,1116,8,Operations,707.04,2026-02-03,
1387,1117,9,Outreach,223.34,2023-10-03,
1388,1118,2,Transport,655.63,2024-04-24,
1389,1119,1,Transport,207.56,2024-12-05,
1390,1119,6,Operations,207.56,2024-12-05,
1391,1120,3,Wellbeing,583.05,2025-11-20,
1392,1121,9,Wellbeing,1.7,2025-11-03,
1393,1122,5,Wellbeing,7.53,2024-04-28,
1394,1123,3,Transport,330.63,2023-07-02,
1395,1124,4,Maintenance,19.4,2026-02-11,
1396,1125,5,Outreach,564.36,2025-07-17,
1397,1126,8,Operations,2496.61,2023-12-29,
1398,1127,3,Operations,736.22,2024-02-15,
1399,1128,8,Transport,287.16,2025-08-31,
1400,1128,9,Wellbeing,186.65,2025-08-31,
1401,1129,2,Operations,8.27,2024-04-16,
1402,1130,6,Wellbeing,11.61,2023-03-18,
1403,1131,7,Outreach,193.0,2025-04-08,
1404,1131,2,Wellbeing,193.0,2025-04-08,
1405,1132,9,Operations,102.67,2023-06-12,
1406,1132,1,Operations,157.96,2023-06-12,
1407,1133,3,Transport,372.94,2025-05-08,
1408,1134,2,Wellbeing,20.96,2025-12-14,
1409,1135,3,Education,663.94,2023-07-01,
1410,1136,4,Transport,286.8,2024-07-10,
1411,1136,2,Operations,286.8,2024-07-10,
1412,1137,3,Outreach,320.08,2026-02-02,
1413,1138,1,Operations,659.78,2026-01-22,
1414,1139,3,Outreach,300.0,2025-10-02,
1415,1140,3,Transport,2263.85,2023-12-17,
1416,1141,8,Wellbeing,2.2,2025-12-30,
1417,1142,2,Education,575.66,2025-11-23,
1418,1142,3,Transport,575.66,2025-11-23,
1419,1143,6,Education,1752.44,2024-07-14,
1420,1144,9,Operations,195.0,2025-10-03,
1421,1145,9,Education,13.3,2025-03-12,
1422,1146,5,Education,175.09,2023-09-18,
1423,1146,6,Education,175.09,2023-09-18,
1424,1147,3,Operations,454.01,2024-06-30,
1425,1148,7,Operations,300.0,2026-01-01,
1426,1149,1,Maintenance,300.0,2023-11-19,
1427,1150,6,Education,5.72,2023-07-06,
1428,1151,5,Wellbeing,329.09,2025-09-23,
1429,1152,9,Transport,195.0,2024-11-29,
1430,1153,3,Wellbeing,154.47,2023-12-16,
1431,1153,6,Wellbeing,154.47,2023-12-16,
1432,1154,2,Education,512.03,2025-12-03,
1433,1155,7,Operations,1082.01,2025-10-18,
1434,1156,8,Education,11.13,2024-07-22,
1435,1156,1,Wellbeing,11.13,2024-07-22,
1436,1157,5,Wellbeing,25.93,2024-10-13,
1437,1158,3,Wellbeing,310.5,2025-06-16,
1438,1159,4,Education,196.66,2026-02-18,
1439,1159,4,Education,196.66,2026-02-18,
1440,1160,6,Wellbeing,506.71,2023-04-03,
1441,1161,5,Wellbeing,690.98,2024-10-25,
1442,1162,9,Transport,335.59,2025-07-17,
1443,1163,1,Operations,416.0,2024-04-08,
1444,1164,2,Operations,825.99,2023-11-07,
1445,1165,1,Transport,28.61,2025-11-08,
1446,1166,3,Operations,836.51,2023-03-01,
1447,1167,1,Education,811.72,2023-07-13,
1448,1168,5,Education,776.19,2024-01-27,
1449,1169,5,Operations,770.34,2024-06-22,
1450,1170,4,Outreach,716.84,2024-03-17,
1451,1171,8,Education,531.11,2023-10-03,
1452,1172,7,Operations,12.85,2025-03-15,
1453,1173,2,Transport,789.3,2023-05-29,
1454,1174,1,Operations,452.5,2023-04-12,
1455,1174,4,Education,452.5,2023-04-12,
1456,1175,8,Wellbeing,571.69,2023-03-20,
1457,1176,2,Wellbeing,197.94,2023-05-05,
1458,1176,4,Operations,197.94,2023-05-05,
1459,1177,3,Education,235.77,2024-09-17,
1460,1177,6,Wellbeing,235.77,2024-09-17,
1461,1178,3,Operations,250.0,2025-02-07,
1462,1179,4,Education,13.56,2023-12-25,
1463,1179,3,Wellbeing,13.56,2023-12-25,
1464,1180,4,Transport,9.31,2025-01-23,
1465,1181,5,Transport,1420.95,2023-03-22,
1466,1182,1,Maintenance,993.12,2024-10-08,
1467,1183,2,Transport,413.2,2023-05-08,
1468,1184,3,Wellbeing,741.25,2025-08-12,
1469,1185,5,Outreach,1940.26,2025-11-24,
1470,1186,3,Education,1604.35,2024-09-27,
1471,1187,3,Operations,13.89,2025-07-05,
1472,1188,1,Wellbeing,988.59,2025-07-14,
1473,1189,3,Transport,452.59,2024-12-02,
1474,1190,5,Operations,1215.82,2023-12-22,
1475,1191,9,Operations,657.71,2024-11-14,
1476,1192,8,Outreach,196.04,2023-04-09,
1477,1192,9,Wellbeing,127.43,2023-04-09,
1478,1193,9,Wellbeing,854.15,2023-12-20,
1479,1193,7,Education,1314.07,2023-12-20,
1480,1194,2,Education,11.56,2025-04-20,
1481,1195,1,Wellbeing,10.67,2025-11-20,
1482,1196,6,Wellbeing,612.89,2023-01-10,
1483,1197,2,Operations,1066.99,2025-06-25,
1484,1197,4,Outreach,1066.99,2025-06-25,
1485,1198,4,Maintenance,803.96,2023-06-02,
1486,1199,9,Wellbeing,659.54,2025-04-26,
1487,1200,5,Maintenance,9.67,2023-01-27,
1488,1201,7,Outreach,695.6,2023-03-08,
1489,1202,8,Operations,292.62,2024-12-08,
1490,1202,5,Wellbeing,292.62,2024-12-08,
1491,1203,8,Education,1812.47,2024-09-17,
1492,1204,7,Education,381.42,2025-09-02,
1493,1204,8,Education,381.42,2025-09-02,
1494,1205,7,Operations,11.16,2023-05-18,
1495,1206,8,Transport,915.05,2023-08-07,
1496,1207,6,Wellbeing,300.82,2023-06-08,
1497,1208,1,Operations,536.82,2023-03-30,
1498,1209,4,Wellbeing,538.29,2024-02-07,
1499,1209,1,Operations,538.29,2024-02-07,
1500,1210,2,Operations,2499.74,2025-06-16,
1501,1211,8,Education,2310.53,2025-12-22,
1502,1212,9,Wellbeing,162.5,2024-06-22,
1503,1213,6,Transport,4.01,2023-11-02,
1504,1214,4,Operations,1282.52,2023-03-08,
1505,1214,5,Education,1282.52,2023-03-08,
1506,1215,5,Wellbeing,125.0,2024-01-02,
1507,1215,9,Outreach,81.25,2024-01-02,
1508,1216,4,Transport,362.04,2025-04-07,
1509,1216,1,Education,362.04,2025-04-07,
1510,1217,9,Outreach,5.05,2024-08-28,
1511,1217,3,Transport,7.76,2024-08-28,
1512,1218,5,Education,568.31,2024-06-08,
1513,1218,3,Education,568.31,2024-06-08,
1514,1219,3,Education,250.0,2023-02-22,
1515,1220,1,Transport,1399.62,2024-12-13,
1516,1221,5,Transport,538.65,2023-07-14,
1517,1222,4,Operations,748.26,2024-11-25,
1518,1223,2,Outreach,1510.6,2025-07-08,
1519,1224,7,Maintenance,1878.65,2025-10-08,
1520,1225,8,Operations,519.42,2023-06-02,
1521,1226,5,Operations,642.58,2026-02-11,
1522,1227,9,Operations,351.86,2024-08-04,
1523,1228,5,Outreach,511.42,2023-10-15,
1524,1229,6,Operations,300.0,2023-11-05,
1525,1230,7,Outreach,180.99,2025-02-04,
1526,1230,4,Operations,180.99,2025-02-04,
1527,1231,9,Education,0.81,2025-03-19,
1528,1231,4,Outreach,1.25,2025-03-19,
1529,1232,4,Transport,19.7,2023-10-31,
1530,1232,9,Wellbeing,12.8,2023-10-31,
1531,1233,9,Outreach,195.0,2023-12-13,
1532,1234,9,Outreach,755.41,2025-11-18,
1533,1235,2,Wellbeing,1078.99,2025-10-27,
1534,1236,5,Wellbeing,39.15,2023-07-25,
1535,1237,8,Education,583.43,2023-10-11,
1536,1238,5,Operations,280.87,2024-04-30,
1537,1239,3,Maintenance,972.26,2024-09-23,
1538,1240,9,Operations,246.51,2026-01-20,
1539,1241,1,Maintenance,3.63,2024-08-26,
1540,1242,2,Education,382.94,2023-12-19,
1541,1243,7,Maintenance,291.03,2025-07-04,
1542,1244,3,Education,835.01,2025-05-29,
1543,1245,5,Wellbeing,3.54,2023-08-15,
1544,1245,4,Operations,3.54,2023-08-15,
1545,1246,4,Education,10.29,2024-11-06,
1546,1246,5,Outreach,10.29,2024-11-06,
1547,1247,4,Transport,250.0,2024-01-17,
1548,1248,7,Wellbeing,597.03,2023-12-05,
1549,1248,3,Maintenance,597.03,2023-12-05,
1550,1249,9,Operations,453.66,2025-01-12,
1551,1250,9,Transport,310.74,2023-08-18,
1552,1251,7,Operations,4.61,2023-12-01,
1553,1252,7,Wellbeing,16.45,2026-01-12,
1554,1252,5,Operations,16.45,2026-01-12,
1555,1253,4,Maintenance,469.23,2025-11-27,
1556,1254,3,Wellbeing,420.23,2024-10-14,
1557,1255,5,Wellbeing,10.8,2026-01-13,
1558,1256,9,Education,728.7,2023-02-03,
1559,1257,6,Maintenance,349.66,2023-01-13,
1560,1258,3,Outreach,1924.57,2025-03-08,
1561,1259,9,Operations,440.59,2024-10-29,
1562,1260,7,Maintenance,150.0,2025-12-09,
1563,1260,7,Transport,150.0,2025-12-09,
1564,1261,2,Education,717.18,2025-12-31,
1565,1262,4,Transport,35.15,2025-12-02,
1566,1263,8,Wellbeing,1074.65,2024-12-02,
1567,1264,9,Operations,799.86,2023-09-11,
1568,1265,8,Operations,1177.41,2023-11-08,
1569,1266,7,Transport,678.86,2025-09-18,
1570,1267,3,Wellbeing,18.77,2024-12-14,
1571,1267,5,Operations,18.77,2024-12-14,
1572,1268,4,Wellbeing,600.64,2024-11-21,
1573,1269,6,Outreach,911.84,2023-09-25,
1574,1270,3,Maintenance,1677.73,2023-04-16,
1575,1271,3,Education,11.39,2023-02-10,
1576,1272,4,Education,1773.19,2024-11-20,
1577,1273,1,Wellbeing,433.32,2025-08-30,
1578,1274,4,Transport,1541.75,2025-10-07,
1579,1275,3,Education,150.0,2023-07-02,
1580,1275,8,Operations,150.0,2023-07-02,
1581,1276,7,Transport,4026.84,2024-10-25,
1582,1277,9,Transport,2.79,2023-08-11,
1583,1278,3,Maintenance,17.79,2026-01-06,
1584,1279,3,Operations,171.48,2026-03-01,
1585,1279,8,Outreach,171.48,2026-03-01,
1586,1280,2,Wellbeing,962.42,2023-08-31,
1587,1281,5,Operations,1345.15,2024-01-13,
1588,1282,4,Education,1109.83,2025-11-13,
1589,1283,9,Education,13.94,2024-02-06,
1590,1284,5,Education,3.05,2023-04-27,
1591,1285,9,Education,1167.71,2024-11-04,
1592,1286,2,Operations,541.93,2025-09-28,
1593,1286,4,Transport,541.93,2025-09-28,
1594,1287,9,Operations,537.5,2023-10-19,
1595,1288,8,Operations,5.63,2025-06-15,
1596,1288,8,Education,5.63,2025-06-15,
1597,1289,4,Wellbeing,1014.15,2023-12-26,
1598,1290,5,Transport,439.51,2023-03-15,
1599,1291,6,Operations,32.95,2025-01-24,
1600,1292,4,Education,12.59,2024-01-18,
1601,1293,5,Outreach,1432.02,2025-01-12,
1602,1294,4,Education,938.45,2025-12-28,
1603,1295,6,Wellbeing,826.28,2023-03-15,
1604,1296,9,Outreach,498.09,2023-11-06,
1605,1297,4,Transport,1104.16,2023-07-25,
1606,1298,4,Education,568.91,2025-07-15,
1607,1299,6,Education,437.14,2025-04-28,
1608,1300,5,Operations,2.6,2023-02-02,
1609,1301,5,Transport,31.14,2025-03-26,
1610,1302,5,Operations,5.93,2023-03-22,
1611,1302,4,Education,5.93,2023-03-22,
1612,1303,9,Education,195.0,2025-11-03,
1613,1304,2,Outreach,313.53,2023-09-13,
1614,1305,2,Transport,4.08,2025-11-12,
1615,1305,9,Wellbeing,2.65,2025-11-12,
1616,1306,8,Transport,1011.03,2023-12-20,
1617,1306,1,Operations,1011.03,2023-12-20,
1618,1307,2,Wellbeing,857.65,2024-10-25,
1619,1308,1,Outreach,300.0,2023-11-10,
1620,1309,8,Wellbeing,355.62,2025-11-23,
1621,1309,1,Operations,355.62,2025-11-23,
1622,1310,1,Wellbeing,436.4,2023-08-12,
1623,1311,3,Transport,168.29,2024-10-18,
1624,1311,5,Operations,168.29,2024-10-18,
1625,1312,7,Transport,19.07,2023-02-24,
1626,1313,9,Transport,3.4,2023-11-03,
1627,1314,3,Operations,675.66,2024-09-15,
1628,1315,6,Operations,2.66,2023-03-13,
1629,1316,9,Operations,923.53,2024-03-27,
1630,1317,4,Wellbeing,1226.51,2023-12-27,
1631,1318,5,Wellbeing,1149.13,2024-10-18,
1632,1319,4,Transport,12.58,2024-12-29,
1633,1320,3,Wellbeing,658.36,2024-10-22,
1634,1321,6,Education,684.92,2025-10-24,
1635,1321,2,Outreach,684.92,2025-10-24,
1636,1322,1,Wellbeing,1392.1,2024-01-08,
1637,1323,9,Transport,594.72,2026-02-27,
1638,1324,3,Transport,892.83,2025-10-05,
1639,1325,2,Wellbeing,630.81,2024-05-16,
1640,1326,1,Education,1623.68,2024-10-11,
1641,1327,6,Outreach,20.42,2024-08-31,
1642,1328,3,Wellbeing,300.0,2024-03-04,
1643,1329,2,Outreach,396.32,2025-10-28,
1644,1330,4,Wellbeing,444.97,2023-09-12,
1645,1331,8,Wellbeing,4.54,2023-06-25,
1646,1331,5,Maintenance,4.54,2023-06-25,
1647,1332,9,Wellbeing,329.02,2023-01-17,
1648,1333,8,Education,1967.06,2025-12-08,
1649,1334,4,Outreach,300.0,2023-04-09,
1650,1335,8,Operations,10.09,2023-05-10,
1651,1336,3,Maintenance,9.57,2023-12-07,
1652,1336,6,Wellbeing,9.57,2023-12-07,
1653,1337,3,Wellbeing,395.95,2025-02-03,
1654,1338,1,Education,21.67,2023-06-19,
1655,1339,5,Outreach,4.65,2024-01-17,
1656,1340,6,Operations,1997.7,2025-07-18,
1657,1341,3,Education,295.79,2024-09-19,
1658,1342,5,Transport,250.0,2025-05-11,
1659,1343,8,Wellbeing,489.6,2024-01-17,
1660,1344,3,Education,527.51,2025-09-13,
1661,1345,6,Operations,502.9,2023-06-02,
1662,1346,3,Operations,2160.9,2024-08-07,
1663,1347,3,Maintenance,423.77,2024-06-07,
1664,1348,3,Outreach,577.02,2024-08-20,
1665,1349,4,Operations,1461.45,2025-04-07,
1666,1350,6,Maintenance,235.31,2024-10-12,
1667,1350,2,Wellbeing,235.31,2024-10-12,
1668,1351,1,Transport,464.59,2024-04-26,
1669,1352,1,Education,285.45,2025-10-16,
1670,1353,7,Maintenance,767.63,2024-05-04,
1671,1354,8,Operations,413.82,2025-03-06,
1672,1355,9,Wellbeing,2073.31,2025-08-12,
1673,1356,8,Education,2439.57,2025-03-03,
1674,1357,9,Operations,250.97,2023-03-18,
1675,1358,5,Operations,5.92,2023-02-02,
1676,1359,1,Transport,583.6,2023-07-08,
1677,1359,1,Operations,583.6,2023-07-08,
1678,1360,2,Education,1036.3,2023-05-11,
1679,1361,9,Education,162.5,2023-08-14,
1680,1362,9,Maintenance,382.17,2024-07-21,
1681,1363,8,Outreach,447.5,2025-11-09,
1682,1364,5,Education,245.24,2025-11-23,
1683,1364,8,Wellbeing,245.24,2025-11-23,
1684,1365,4,Wellbeing,787.53,2025-04-22,
1685,1366,1,Operations,1534.69,2025-03-15,
1686,1367,3,Wellbeing,30.16,2024-11-21,
1687,1368,2,Wellbeing,732.46,2025-05-07,
1688,1369,3,Outreach,329.79,2024-10-09,
1689,1370,3,Education,675.17,2023-03-23,
1690,1370,9,Operations,438.86,2023-03-23,
1691,1371,2,Wellbeing,18.82,2023-11-02,
1692,1372,3,Wellbeing,999.49,2024-04-13,
1693,1373,2,Operations,3.02,2023-12-03,
1694,1373,2,Education,3.02,2023-12-03,
1695,1374,4,Outreach,486.04,2023-12-28,
1696,1375,1,Wellbeing,1788.92,2023-06-03,
1697,1376,8,Maintenance,622.51,2024-11-10,
1698,1377,2,Maintenance,11.04,2024-10-26,
1699,1377,4,Wellbeing,11.04,2024-10-26,
1700,1378,8,Transport,11.45,2023-12-08,
1701,1379,2,Education,1510.08,2025-07-17,
1702,1380,6,Education,12.17,2023-09-25,
1703,1380,1,Operations,12.17,2023-09-25,
1704,1381,7,Maintenance,1244.53,2025-07-04,
1705,1382,5,Transport,516.02,2023-12-10,
1706,1382,1,Operations,516.02,2023-12-10,
1707,1383,6,Operations,878.72,2023-05-21,
1708,1383,9,Transport,571.17,2023-05-21,
1709,1384,7,Operations,240.08,2024-02-15,
1710,1384,2,Operations,240.08,2024-02-15,
1711,1385,4,Education,9.94,2023-03-04,
1712,1386,4,Operations,329.29,2024-11-28,
1713,1386,4,Transport,329.29,2024-11-28,
1714,1387,7,Operations,460.56,2023-08-22,
1715,1388,4,Operations,7.43,2024-11-09,
1716,1389,3,Maintenance,421.11,2023-11-11,
1717,1390,6,Operations,971.69,2025-03-04,
1718,1391,9,Education,388.66,2024-07-09,
1719,1391,8,Wellbeing,597.95,2024-07-09,
1720,1392,8,Maintenance,9.38,2025-10-14,
1721,1392,9,Operations,6.1,2025-10-14,
1722,1393,7,Education,504.86,2025-10-02,
1723,1394,4,Education,416.51,2024-05-22,
1724,1395,2,Outreach,616.42,2023-01-09,
1725,1396,6,Operations,695.12,2024-09-15,
1726,1397,6,Wellbeing,2.62,2026-01-18,
1727,1397,3,Transport,2.62,2026-01-18,
1728,1398,9,Education,195.0,2024-11-26,
1729,1399,4,Wellbeing,1321.41,2025-04-30,
1730,1400,3,Operations,304.75,2024-11-24,
1731,1401,6,Maintenance,318.57,2024-02-08,
1732,1402,4,Transport,1071.26,2025-01-12,
1733,1403,2,Wellbeing,503.75,2025-10-29,
1734,1404,7,Operations,182.41,2025-06-15,
1735,1404,2,Education,182.41,2025-06-15,
1736,1405,8,Wellbeing,387.31,2023-03-25,
1737,1405,4,Maintenance,387.31,2023-03-25,
1738,1406,1,Maintenance,476.64,2024-02-06,
1739,1407,2,Outreach,11.51,2025-08-05,
1740,1408,1,Maintenance,19.2,2023-07-23,
1741,1409,4,Education,300.0,2023-10-20,
1742,1410,4,Outreach,853.82,2024-10-03,
1743,1410,3,Education,853.82,2024-10-03,
1744,1411,2,Wellbeing,436.93,2025-07-18,
1745,1412,1,Maintenance,250.0,2024-09-02,
1746,1413,2,Operations,4.89,2023-07-02,
1747,1414,9,Outreach,97.5,2024-10-14,
1748,1414,4,Transport,150.0,2024-10-14,
1749,1415,1,Maintenance,716.99,2025-09-23,
1750,1416,5,Wellbeing,1024.06,2024-12-06,
1751,1417,5,Maintenance,5.85,2024-12-06,
1752,1418,4,Education,303.45,2023-06-24,
1753,1418,1,Transport,303.45,2023-06-24,
1754,1419,3,Operations,325.06,2023-08-27,
1755,1420,7,Education,903.39,2024-11-08,
1756,1421,6,Transport,1042.36,2024-10-17,
1757,1422,5,Transport,15.36,2023-10-29,
1758,1422,3,Operations,15.36,2023-10-29,
1759,1423,2,Wellbeing,710.26,2025-01-07,
1760,1424,5,Education,971.81,2024-08-04,
1761,1425,3,Education,169.46,2023-01-22,
1762,1425,5,Operations,169.46,2023-01-22,
1763,1426,1,Wellbeing,1604.45,2025-07-29,
1764,1426,8,Transport,1604.45,2025-07-29,
1765,1427,6,Education,212.52,2025-08-10,
1766,1427,3,Maintenance,212.52,2025-08-10,
1767,1428,1,Wellbeing,8.95,2024-12-17,
1768,1428,8,Wellbeing,8.95,2024-12-17,
1769,1429,8,Operations,357.02,2026-02-24,
1770,1430,8,Transport,13.68,2025-12-30,
1771,1431,4,Education,469.97,2023-05-30,
1772,1432,7,Wellbeing,801.17,2024-12-20,
1773,1433,2,Operations,784.78,2023-10-31,
1774,1433,4,Maintenance,784.78,2023-10-31,
1775,1434,7,Operations,1564.35,2025-11-22,
1776,1435,4,Outreach,12.57,2025-03-05,
1777,1436,8,Transport,9.18,2025-04-04,
1778,1437,7,Operations,1732.45,2023-11-26,
1779,1438,2,Transport,2261.72,2025-12-16,
1780,1439,2,Operations,1021.77,2023-04-24,
1781,1440,8,Operations,1177.6,2024-08-17,
1782,1441,3,Wellbeing,201.88,2023-12-03,
1783,1441,6,Wellbeing,201.88,2023-12-03,
1784,1442,2,Education,125.0,2024-06-16,
1785,1442,4,Wellbeing,125.0,2024-06-16,
1786,1443,3,Operations,638.62,2024-03-13,
1787,1444,4,Education,308.56,2025-08-15,
1788,1444,8,Operations,308.56,2025-08-15,
1789,1445,3,Maintenance,6481.54,2024-12-01,
1790,1446,2,Maintenance,7.08,2025-04-20,
1791,1447,5,Education,307.52,2025-10-19,
1792,1448,4,Education,1061.85,2025-01-01,
1793,1449,7,Operations,1223.21,2025-10-23,
1794,1450,3,Transport,519.43,2023-07-19,
1795,1450,8,Wellbeing,519.43,2023-07-19,
1796,1451,1,Operations,453.66,2023-03-10,
1797,1452,8,Education,262.66,2023-10-14,
1798,1452,8,Wellbeing,262.66,2023-10-14,
1799,1453,9,Wellbeing,2.94,2024-05-31,
1800,1454,6,Education,529.53,2025-02-28,
1801,1455,5,Education,412.91,2026-02-14,
1802,1456,1,Maintenance,735.7,2024-10-06,
1803,1457,8,Education,4.75,2023-12-15,
1804,1458,5,Education,813.27,2025-01-21,
1805,1459,6,Education,26.27,2023-08-26,
1806,1460,3,Education,20.62,2023-08-22,
1807,1461,8,Transport,345.68,2023-01-15,
1808,1461,2,Education,345.68,2023-01-15,
1809,1462,7,Operations,577.74,2025-12-17,
1810,1462,9,Outreach,375.53,2025-12-17,
1811,1463,4,Operations,125.0,2025-02-11,
1812,1463,4,Wellbeing,125.0,2025-02-11,
1813,1464,9,Maintenance,478.15,2025-10-13,
1814,1465,6,Maintenance,1337.07,2024-01-07,
1815,1466,4,Transport,812.03,2024-12-28,
1816,1467,5,Education,17.39,2023-05-04,
1817,1468,1,Outreach,1160.53,2023-11-23,
1818,1469,2,Operations,12.44,2025-07-22,
1819,1470,6,Operations,179.93,2024-01-26,
1820,1470,5,Outreach,179.93,2024-01-26,
1821,1471,5,Transport,4.15,2023-04-23,
1822,1472,1,Operations,697.89,2023-11-03,
1823,1472,2,Education,697.89,2023-11-03,
1824,1473,6,Maintenance,413.32,2025-01-08,
1825,1474,1,Wellbeing,5.98,2025-01-04,
1826,1475,1,Transport,667.96,2023-08-20,
1827,1476,3,Wellbeing,633.01,2025-04-01,
1828,1477,3,Education,1179.47,2024-11-11,
1829,1478,6,Operations,376.97,2024-12-11,
1830,1479,3,Operations,409.44,2025-02-15,
1831,1480,8,Wellbeing,836.04,2025-08-24,
1832,1481,5,Operations,300.0,2023-03-29,
1833,1482,1,Operations,482.86,2024-06-30,
1834,1483,7,Maintenance,400.04,2023-08-11,
1835,1483,2,Operations,400.04,2023-08-11,
1836,1484,8,Operations,593.89,2025-11-12,
1837,1485,3,Operations,650.1,2024-10-24,
1838,1486,4,Operations,151.15,2025-03-10,
1839,1486,8,Maintenance,151.15,2025-03-10,
1840,1487,4,Education,526.91,2024-11-18,
1841,1487,5,Outreach,526.91,2024-11-18,
1842,1488,2,Operations,721.33,2023-04-17,
1843,1489,9,Operations,380.5,2025-08-21,
1844,1489,2,Transport,585.39,2025-08-21,
1845,1490,3,Wellbeing,1074.37,2026-01-20,
1846,1490,2,Education,1074.37,2026-01-20,
1847,1491,8,Outreach,1051.92,2024-12-28,
1848,1491,3,Education,1051.92,2024-12-28,
1849,1492,8,Outreach,979.58,2025-05-11,
1850,1492,9,Maintenance,636.73,2025-05-11,
1851,1493,8,Operations,2.9,2024-08-28,
1852,1493,4,Maintenance,2.9,2024-08-28,
1853,1494,3,Education,2104.72,2023-10-07,
1854,1495,9,Wellbeing,503.1,2023-08-01,
1855,1495,2,Operations,774.0,2023-08-01,
1856,1496,8,Transport,388.04,2026-01-05,
1857,1497,2,Wellbeing,1333.62,2025-11-24,
1858,1497,1,Education,1333.62,2025-11-24,
1859,1498,7,Education,4213.58,2025-08-19,
1860,1499,9,Education,162.5,2025-11-23,
1861,1500,2,Maintenance,825.07,2024-11-11,
1862,1500,6,Education,825.07,2024-11-11,
1863,1501,4,Operations,300.0,2025-12-21,
1864,1502,8,Maintenance,419.25,2024-09-10,
1865,1503,2,Wellbeing,489.55,2025-09-10,
1866,1504,1,Education,935.56,2023-08-05,
1867,1505,7,Wellbeing,816.8,2025-02-06,
1868,1505,8,Outreach,816.8,2025-02-06,
1869,1506,4,Wellbeing,1223.82,2024-08-03,
1870,1506,7,Wellbeing,1223.82,2024-08-03,
1871,1507,1,Wellbeing,283.99,2023-05-23,
1872,1507,7,Wellbeing,283.99,2023-05-23,
1873,1508,3,Operations,756.8,2025-05-26,
1874,1509,1,Education,808.8,2025-07-18,
1875,1510,5,Maintenance,689.85,2026-02-19,
1876,1511,9,Transport,659.39,2023-12-20,
1877,1511,3,Wellbeing,1014.45,2023-12-20,
1878,1512,6,Outreach,3.69,2025-08-11,
1879,1512,7,Education,3.69,2025-08-11,
1880,1513,6,Transport,29.54,2023-06-13,
1881,1514,8,Operations,419.11,2023-12-06,
1882,1514,4,Operations,419.11,2023-12-06,
1883,1515,1,Operations,1295.61,2024-09-03,
1884,1516,3,Wellbeing,1504.94,2024-11-13,
1885,1517,1,Maintenance,671.26,2025-03-31,
1886,1518,1,Transport,626.97,2025-08-28,
1887,1519,8,Transport,380.15,2024-09-10,
1888,1520,1,Operations,508.55,2024-04-11,
1889,1520,2,Maintenance,508.55,2024-04-11,
1890,1521,8,Transport,5.45,2023-01-16,
1891,1522,6,Education,341.77,2023-04-26,
1892,1522,1,Operations,341.77,2023-04-26,
1893,1523,6,Wellbeing,537.37,2025-12-06,
1894,1524,3,Maintenance,300.0,2024-02-28,
1895,1525,3,Education,344.86,2025-08-10,
1896,1526,7,Transport,374.1,2023-07-27,
1897,1527,7,Education,694.07,2023-02-22,
1898,1528,1,Transport,300.0,2023-11-06,
1899,1529,1,Outreach,314.15,2024-11-15,
1900,1530,4,Operations,603.87,2023-04-14,
1901,1531,5,Outreach,687.39,2023-07-16,
1902,1531,9,Education,446.81,2023-07-16,
1903,1532,3,Outreach,427.1,2024-06-15,
1904,1533,9,Education,355.71,2024-05-30,
1905,1534,3,Education,1000.5,2023-09-03,
1906,1535,1,Transport,463.82,2025-03-13,
1907,1536,8,Operations,707.04,2026-02-03,
1908,1537,9,Outreach,223.34,2023-10-03,
1909,1538,2,Transport,655.63,2024-04-24,
1910,1539,1,Transport,207.56,2024-12-05,
1911,1539,6,Operations,207.56,2024-12-05,
1912,1540,3,Wellbeing,583.05,2025-11-20,
1913,1541,9,Wellbeing,1.7,2025-11-03,
1914,1542,5,Wellbeing,7.53,2024-04-28,
1915,1543,3,Transport,330.63,2023-07-02,
1916,1544,4,Maintenance,19.4,2026-02-11,
1917,1545,5,Outreach,564.36,2025-07-17,
1918,1546,8,Operations,2496.61,2023-12-29,
1919,1547,3,Operations,736.22,2024-02-15,
1920,1548,8,Transport,287.16,2025-08-31,
1921,1548,9,Wellbeing,186.65,2025-08-31,
1922,1549,2,Operations,8.27,2024-04-16,
1923,1550,6,Wellbeing,11.61,2023-03-18,
1924,1551,7,Outreach,193.0,2025-04-08,
1925,1551,2,Wellbeing,193.0,2025-04-08,
1926,1552,9,Operations,102.67,2023-06-12,
1927,1552,1,Operations,157.96,2023-06-12,
1928,1553,3,Transport,372.94,2025-05-08,
1929,1554,2,Wellbeing,20.96,2025-12-14,
1930,1555,3,Education,663.94,2023-07-01,
1931,1556,4,Transport,286.8,2024-07-10,
1932,1556,2,Operations,286.8,2024-07-10,
1933,1557,3,Outreach,320.08,2026-02-02,
1934,1558,1,Operations,659.78,2026-01-22,
1935,1559,3,Outreach,300.0,2025-10-02,
1936,1560,3,Transport,2263.85,2023-12-17,
1937,1561,8,Wellbeing,2.2,2025-12-30,
1938,1562,2,Education,575.66,2025-11-23,
1939,1562,3,Transport,575.66,2025-11-23,
1940,1563,6,Education,1752.44,2024-07-14,
1941,1564,9,Operations,195.0,2025-10-03,
1942,1565,9,Education,13.3,2025-03-12,
1943,1566,5,Education,175.09,2023-09-18,
1944,1566,6,Education,175.09,2023-09-18,
1945,1567,3,Operations,454.01,2024-06-30,
1946,1568,7,Operations,300.0,2026-01-01,
1947,1569,1,Maintenance,300.0,2023-11-19,
1948,1570,6,Education,5.72,2023-07-06,
1949,1571,5,Wellbeing,329.09,2025-09-23,
1950,1572,9,Transport,195.0,2024-11-29,
1951,1573,3,Wellbeing,154.47,2023-12-16,
1952,1573,6,Wellbeing,154.47,2023-12-16,
1953,1574,2,Education,512.03,2025-12-03,
1954,1575,7,Operations,1082.01,2025-10-18,
1955,1576,8,Education,11.13,2024-07-22,
1956,1576,1,Wellbeing,11.13,2024-07-22,
1957,1577,5,Wellbeing,25.93,2024-10-13,
1958,1578,3,Wellbeing,310.5,2025-06-16,
1959,1579,4,Education,196.66,2026-02-18,
1960,1579,4,Education,196.66,2026-02-18,
1961,1580,6,Wellbeing,506.71,2023-04-03,
1962,1581,5,Wellbeing,690.98,2024-10-25,
1963,1582,9,Transport,335.59,2025-07-17,
1964,1583,1,Operations,416.0,2024-04-08,
1965,1584,2,Operations,825.99,2023-11-07,
1966,1585,1,Transport,28.61,2025-11-08,
1967,1586,3,Operations,836.51,2023-03-01,
1968,1587,1,Education,811.72,2023-07-13,
1969,1588,5,Education,776.19,2024-01-27,
1970,1589,5,Operations,770.34,2024-06-22,
1971,1590,4,Outreach,716.84,2024-03-17,
1972,1591,8,Education,531.11,2023-10-03,
1973,1592,7,Operations,12.85,2025-03-15,
1974,1593,2,Transport,789.3,2023-05-29,
1975,1594,1,Operations,452.5,2023-04-12,
1976,1594,4,Education,452.5,2023-04-12,
1977,1595,8,Wellbeing,571.69,2023-03-20,
1978,1596,2,Wellbeing,197.94,2023-05-05,
1979,1596,4,Operations,197.94,2023-05-05,
1980,1597,3,Education,235.77,2024-09-17,
1981,1597,6,Wellbeing,235.77,2024-09-17,
1982,1598,3,Operations,250.0,2025-02-07,
1983,1599,4,Education,13.56,2023-12-25,
1984,1599,3,Wellbeing,13.56,2023-12-25,
1985,1600,4,Transport,9.31,2025-01-23,
1986,1601,5,Transport,1420.95,2023-03-22,
1987,1602,1,Maintenance,993.12,2024-10-08,
1988,1603,2,Transport,413.2,2023-05-08,
1989,1604,3,Wellbeing,741.25,2025-08-12,
1990,1605,5,Outreach,1940.26,2025-11-24,
1991,1606,3,Education,1604.35,2024-09-27,
1992,1607,3,Operations,13.89,2025-07-05,
1993,1608,1,Wellbeing,988.59,2025-07-14,
1994,1609,3,Transport,452.59,2024-12-02,
1995,1610,5,Operations,1215.82,2023-12-22,
1996,1611,9,Operations,657.71,2024-11-14,
1997,1612,8,Outreach,196.04,2023-04-09,
1998,1612,9,Wellbeing,127.43,2023-04-09,
1999,1613,9,Wellbeing,854.15,2023-12-20,
2000,1613,7,Education,1314.07,2023-12-20,
2001,1614,2,Education,11.56,2025-04-20,
2002,1615,1,Wellbeing,10.67,2025-11-20,
2003,1616,6,Wellbeing,612.89,2023-01-10,
2004,1617,2,Operations,1066.99,2025-06-25,
2005,1617,4,Outreach,1066.99,2025-06-25,
2006,1618,4,Maintenance,803.96,2023-06-02,
2007,1619,9,Wellbeing,659.54,2025-04-26,
2008,1620,5,Maintenance,9.67,2023-01-27,
2009,1621,7,Outreach,695.6,2023-03-08,
2010,1622,8,Operations,292.62,2024-12-08,
2011,1622,5,Wellbeing,292.62,2024-12-08,
2012,1623,8,Education,1812.47,2024-09-17,
2013,1624,7,Education,381.42,2025-09-02,
2014,1624,8,Education,381.42,2025-09-02,
2015,1625,7,Operations,11.16,2023-05-18,
2016,1626,8,Transport,915.05,2023-08-07,
2017,1627,6,Wellbeing,300.82,2023-06-08,
2018,1628,1,Operations,536.82,2023-03-30,
2019,1629,4,Wellbeing,538.29,2024-02-07,
2020,1629,1,Operations,538.29,2024-02-07,
2021,1630,2,Operations,2499.74,2025-06-16,
2022,1631,8,Education,2310.53,2025-12-22,
2023,1632,9,Wellbeing,162.5,2024-06-22,
2024,1633,6,Transport,4.01,2023-11-02,
2025,1634,4,Operations,1282.52,2023-03-08,
2026,1634,5,Education,1282.52,2023-03-08,
2027,1635,5,Wellbeing,125.0,2024-01-02,
2028,1635,9,Outreach,81.25,2024-01-02,
2029,1636,4,Transport,362.04,2025-04-07,
2030,1636,1,Education,362.04,2025-04-07,
2031,1637,9,Outreach,5.05,2024-08-28,
2032,1637,3,Transport,7.76,2024-08-28,
2033,1638,5,Education,568.31,2024-06-08,
2034,1638,3,Education,568.31,2024-06-08,
2035,1639,3,Education,250.0,2023-02-22,
2036,1640,1,Transport,1399.62,2024-12-13,
2037,1641,5,Transport,538.65,2023-07-14,
2038,1642,4,Operations,748.26,2024-11-25,
2039,1643,2,Outreach,1510.6,2025-07-08,
2040,1644,7,Maintenance,1878.65,2025-10-08,
2041,1645,8,Operations,519.42,2023-06-02,
2042,1646,5,Operations,642.58,2026-02-11,
2043,1647,9,Operations,351.86,2024-08-04,
2044,1648,5,Outreach,511.42,2023-10-15,
2045,1649,6,Operations,300.0,2023-11-05,
2046,1650,7,Outreach,180.99,2025-02-04,
2047,1650,4,Operations,180.99,2025-02-04,
2048,1651,9,Education,0.81,2025-03-19,
2049,1651,4,Outreach,1.25,2025-03-19,
2050,1652,4,Transport,19.7,2023-10-31,
2051,1652,9,Wellbeing,12.8,2023-10-31,
2052,1653,9,Outreach,195.0,2023-12-13,
2053,1654,9,Outreach,755.41,2025-11-18,
2054,1655,2,Wellbeing,1078.99,2025-10-27,
2055,1656,5,Wellbeing,39.15,2023-07-25,
2056,1657,8,Education,583.43,2023-10-11,
2057,1658,5,Operations,280.87,2024-04-30,
2058,1659,3,Maintenance,972.26,2024-09-23,
2059,1660,9,Operations,246.51,2026-01-20,
2060,1661,1,Maintenance,3.63,2024-08-26,
2061,1662,2,Education,382.94,2023-12-19,
2062,1663,7,Maintenance,291.03,2025-07-04,
2063,1664,3,Education,835.01,2025-05-29,
2064,1665,5,Wellbeing,3.54,2023-08-15,
2065,1665,4,Operations,3.54,2023-08-15,
2066,1666,4,Education,10.29,2024-11-06,
2067,1666,5,Outreach,10.29,2024-11-06,
2068,1667,4,Transport,250.0,2024-01-17,
2069,1668,7,Wellbeing,597.03,2023-12-05,
2070,1668,3,Maintenance,597.03,2023-12-05,
2071,1669,9,Operations,453.66,2025-01-12,
2072,1670,9,Transport,310.74,2023-08-18,
2073,1671,7,Operations,4.61,2023-12-01,
2074,1672,7,Wellbeing,16.45,2026-01-12,
2075,1672,5,Operations,16.45,2026-01-12,
2076,1673,4,Maintenance,469.23,2025-11-27,
2077,1674,3,Wellbeing,420.23,2024-10-14,
2078,1675,5,Wellbeing,10.8,2026-01-13,
2079,1676,9,Education,728.7,2023-02-03,
2080,1677,6,Maintenance,349.66,2023-01-13,
2081,1678,3,Outreach,1924.57,2025-03-08,
2082,1679,9,Operations,440.59,2024-10-29,
2083,1680,7,Maintenance,150.0,2025-12-09,
2084,1680,7,Transport,150.0,2025-12-09,
